rank,title,doi,doi_url,publication_year,publication_date,journal_or_venue,cited_by_count,open_access,oa_status,oa_url,openalex_id,primary_topic,primary_subfield,work_type,retrieved_at_utc
1,Controlling the False Discovery Rate: A Practical and Powerful Approach to Multiple Testing,10.1111/j.2517-6161.1995.tb02031.x,https://doi.org/10.1111/j.2517-6161.1995.tb02031.x,1995,1995-01-01,Journal of the Royal Statistical Society Series B (Statistical Methodology),109696,No,closed,,https://openalex.org/W2110065044,Statistical Methods in Clinical Trials,Statistics and Probability,article,2026-07-24T02:35:38+00:00
2,Regression Shrinkage and Selection Via the Lasso,10.1111/j.2517-6161.1996.tb02080.x,https://doi.org/10.1111/j.2517-6161.1996.tb02080.x,1996,1996-01-01,Journal of the Royal Statistical Society Series B (Statistical Methodology),52157,No,closed,,https://openalex.org/W2135046866,Statistical Methods and Inference,Statistics and Probability,article,2026-07-24T02:35:38+00:00
3,Nonparametric Estimation from Incomplete Observations,10.1080/01621459.1958.10501452,https://doi.org/10.1080/01621459.1958.10501452,1958,1958-06-01,Journal of the American Statistical Association,39181,No,closed,,https://openalex.org/W4293241248,Statistical Distribution Estimation and Applications,Statistics and Probability,article,2026-07-24T02:35:38+00:00
4,Statistical power analyses using G*Power 3.1: Tests for correlation and regression analyses,10.3758/brm.41.4.1149,https://doi.org/10.3758/brm.41.4.1149,2009,2009-11-01,Behavior Research Methods,36497,Yes,bronze,https://link.springer.com/content/pdf/10.3758/BRM.41.4.1149.pdf,https://openalex.org/W2072500831,Statistical Methods and Bayesian Inference,Statistics and Probability,article,2026-07-24T02:35:38+00:00
5,Multivariate Data Analysis.,10.2307/2344428,https://doi.org/10.2307/2344428,1973,1973-01-01,Journal of the Royal Statistical Society Series A (General),35865,No,closed,,https://openalex.org/W3015634246,Advanced Statistical Methods and Models,Statistics and Probability,article,2026-07-24T02:35:38+00:00
6,The central role of the propensity score in observational studies for causal effects,10.1093/biomet/70.1.41,https://doi.org/10.1093/biomet/70.1.41,1983,1983-01-01,Biometrika,31145,Yes,bronze,https://academic.oup.com/biomet/article-pdf/70/1/41/662954/70-1-41.pdf,https://openalex.org/W2150291618,Advanced Causal Inference Techniques,Statistics and Probability,article,2026-07-24T02:35:38+00:00
7,Judgment under Uncertainty: Heuristics and Biases,10.1126/science.185.4157.1124,https://doi.org/10.1126/science.185.4157.1124,1974,1974-09-27,Science,28177,No,closed,,https://openalex.org/W4292157289,Statistics Education and Methodologies,Statistics and Probability,article,2026-07-24T02:35:38+00:00
8,A Heteroskedasticity-Consistent Covariance Matrix Estimator and a Direct Test for Heteroskedasticity,10.2307/1912934,https://doi.org/10.2307/1912934,1980,1980-05-01,Econometrica,26227,No,closed,,https://openalex.org/W2108818539,Advanced Statistical Methods and Models,Statistics and Probability,article,2026-07-24T02:35:38+00:00
9,Alternative Ways of Assessing Model Fit,10.1177/0049124192021002005,https://doi.org/10.1177/0049124192021002005,1992,1992-11-01,Sociological Methods & Research,25253,No,closed,,https://openalex.org/W1992193527,Advanced Statistical Methods and Models,Statistics and Probability,article,2026-07-24T02:35:38+00:00
10,Comparative fit indexes in structural models.,10.1037/0033-2909.107.2.238,https://doi.org/10.1037/0033-2909.107.2.238,1990,1990-01-01,Psychological Bulletin,23980,No,closed,,https://openalex.org/W2018201949,Advanced Statistical Methods and Models,Statistics and Probability,article,2026-07-24T02:35:38+00:00
11,<b>lmerTest</b> Package: Tests in Linear Mixed Effects Models,10.18637/jss.v082.i13,https://doi.org/10.18637/jss.v082.i13,2017,2017-01-01,Journal of Statistical Software,23787,Yes,diamond,https://www.jstatsoft.org/index.php/jss/article/view/v082i13/v82i13.pdf,https://openalex.org/W2774486220,Statistical Methods and Bayesian Inference,Statistics and Probability,article,2026-07-24T02:35:38+00:00
12,Comparing the Areas under Two or More Correlated Receiver Operating Characteristic Curves: A Nonparametric Approach,10.2307/2531595,https://doi.org/10.2307/2531595,1988,1988-09-01,Biometrics,22512,No,closed,,https://openalex.org/W2328176404,Advanced Statistical Methods and Models,Statistics and Probability,article,2026-07-24T02:35:38+00:00
13,Pattern Recognition and Machine Learning,10.1117/1.2819119,https://doi.org/10.1117/1.2819119,2007,2007-01-01,Journal of Electronic Imaging,22093,No,closed,,https://openalex.org/W1663973292,Statistical Methods and Inference,Statistics and Probability,article,2026-07-24T02:35:38+00:00
14,A Simple Sequentially Rejective Multiple Test Procedure,10.2307/4615733,https://doi.org/10.2307/4615733,1979,1979-01-01,Scandinavian Journal of Statistics,21848,No,closed,,https://openalex.org/W2121044470,Statistical Methods in Clinical Trials,Statistics and Probability,article,2026-07-24T02:35:38+00:00
15,Statistical Methods,10.1097/00010694-193902000-00006,https://doi.org/10.1097/00010694-193902000-00006,1939,1939-02-01,Soil Science,19161,No,closed,,https://openalex.org/W2798643531,Statistical Methods and Bayesian Inference,Statistics and Probability,article,2026-07-24T02:35:38+00:00
16,Investigation of the freely available easy-to-use software ‘EZR’ for medical statistics,10.1038/bmt.2012.244,https://doi.org/10.1038/bmt.2012.244,2012,2012-12-03,Bone Marrow Transplantation,18926,No,closed,,https://openalex.org/W2121960517,Statistical Methods in Clinical Trials,Statistics and Probability,article,2026-07-24T02:35:38+00:00
17,Longitudinal data analysis using generalized linear models,10.1093/biomet/73.1.13,https://doi.org/10.1093/biomet/73.1.13,1986,1986-01-01,Biometrika,18174,Yes,bronze,https://academic.oup.com/biomet/article-pdf/73/1/13/679793/73-1-13.pdf,https://openalex.org/W2149860264,Statistical Methods and Inference,Statistics and Probability,article,2026-07-24T02:35:38+00:00
18,Bootstrap Methods: Another Look at the Jackknife,10.1214/aos/1176344552,https://doi.org/10.1214/aos/1176344552,1979,1979-01-01,The Annals of Statistics,17515,Yes,bronze,https://projecteuclid.org/journals/annals-of-statistics/volume-7/issue-1/Bootstrap-Methods-Another-Look-at-the-Jackknife/10.1214/aos/1176344552.pdf,https://openalex.org/W2117897510,Advanced Statistical Methods and Models,Statistics and Probability,article,2026-07-24T02:35:38+00:00
19,Nearest neighbor pattern classification,10.1109/tit.1967.1053964,https://doi.org/10.1109/tit.1967.1053964,1967,1967-01-01,IEEE Transactions on Information Theory,16319,No,closed,,https://openalex.org/W2122111042,Statistical Methods and Inference,Statistics and Probability,article,2026-07-24T02:35:38+00:00
20,The Unity and Diversity of Executive Functions and Their Contributions to Complex “Frontal Lobe” Tasks: A Latent Variable Analysis,10.1006/cogp.1999.0734,https://doi.org/10.1006/cogp.1999.0734,2000,2000-08-01,Cognitive Psychology,15614,No,closed,,https://openalex.org/W2124517301,Cognitive and developmental aspects of mathematical skills,Statistics and Probability,article,2026-07-24T02:35:38+00:00
21,Monte Carlo sampling methods using Markov chains and their applications,10.1093/biomet/57.1.97,https://doi.org/10.1093/biomet/57.1.97,1970,1970-04-01,Biometrika,15236,No,closed,,https://openalex.org/W2138309709,Markov Chains and Monte Carlo Methods,Statistics and Probability,article,2026-07-24T02:35:38+00:00
22,Statistical Aspects of the Analysis of Data From Retrospective Studies of Disease,10.1093/jnci/22.4.719,https://doi.org/10.1093/jnci/22.4.719,1959,1959-04-01,JNCI Journal of the National Cancer Institute,14866,No,closed,,https://openalex.org/W2150000105,Statistical Methods in Clinical Trials,Statistics and Probability,article,2026-07-24T02:35:38+00:00
23,Individual Comparisons by Ranking Methods,10.2307/3001968,https://doi.org/10.2307/3001968,1945,1945-12-01,Biometrics Bulletin,14592,No,closed,,https://openalex.org/W4252684946,Survey Sampling and Estimation Techniques,Statistics and Probability,article,2026-07-24T02:35:38+00:00
24,Measurement of Diversity,10.1038/163688a0,https://doi.org/10.1038/163688a0,1949,1949-04-30,Nature,14115,Yes,bronze,https://www.nature.com/articles/163688a0.pdf,https://openalex.org/W2087189381,Census and Population Estimation,Statistics and Probability,article,2026-07-24T02:35:38+00:00
25,ANALYZING TABLES OF STATISTICAL TESTS,10.1111/j.1558-5646.1989.tb04220.x,https://doi.org/10.1111/j.1558-5646.1989.tb04220.x,1989,1989-01-01,Evolution,13890,No,closed,,https://openalex.org/W2092613863,Statistical Methods in Clinical Trials,Statistics and Probability,article,2026-07-24T02:35:38+00:00
26,Estimates of the Regression Coefficient Based on Kendall's Tau,10.1080/01621459.1968.10480934,https://doi.org/10.1080/01621459.1968.10480934,1968,1968-12-01,Journal of the American Statistical Association,13262,No,closed,,https://openalex.org/W2018764772,Advanced Statistical Methods and Models,Statistics and Probability,article,2026-07-24T02:35:38+00:00
27,Structural Equation Models with Unobservable Variables and Measurement Error: Algebra and Statistics,10.1177/002224378101800313,https://doi.org/10.1177/002224378101800313,1981,1981-08-01,Journal of Marketing Research,13046,No,closed,,https://openalex.org/W4230637740,Advanced Statistical Methods and Models,Statistics and Probability,article,2026-07-24T02:35:38+00:00
28,Regression Quantiles,10.2307/1913643,https://doi.org/10.2307/1913643,1978,1978-01-01,Econometrica,12985,No,closed,,https://openalex.org/W4241653265,Advanced Statistical Methods and Models,Statistics and Probability,article,2026-07-24T02:35:38+00:00
29,"Discussion on the paper by Spiegelhalter, Best, Carlin and van der Linde",10.1111/1467-9868.00353,https://doi.org/10.1111/1467-9868.00353,2002,2002-01-01,ArTS Archivio della ricerca di Trieste (University of Trieste https://www.units.it/),12808,No,closed,,https://openalex.org/W2057765075,Statistical Methods and Bayesian Inference,Statistics and Probability,article,2026-07-24T02:35:38+00:00
30,Biostatistical Analysis.,10.2307/2285423,https://doi.org/10.2307/2285423,1975,1975-03-01,Journal of the American Statistical Association,12784,No,closed,,https://openalex.org/W4229668875,Statistical Methods and Applications,Statistics and Probability,article,2026-07-24T02:35:38+00:00
31,Asymptotic Confidence Intervals for Indirect Effects in Structural Equation Models,10.2307/270723,https://doi.org/10.2307/270723,1982,1982-01-01,Sociological Methodology,12696,No,closed,,https://openalex.org/W1976876708,Statistical Methods and Bayesian Inference,Statistics and Probability,article,2026-07-24T02:35:38+00:00
32,Bayes Factors,10.1080/01621459.1995.10476572,https://doi.org/10.1080/01621459.1995.10476572,1995,1995-06-01,Journal of the American Statistical Association,12369,No,closed,,https://openalex.org/W4211177544,Statistical Methods and Bayesian Inference,Statistics and Probability,article,2026-07-24T02:35:38+00:00
33,Use of Ranks in One-Criterion Variance Analysis,10.1080/01621459.1952.10483441,https://doi.org/10.1080/01621459.1952.10483441,1952,1952-12-01,Journal of the American Statistical Association,12146,No,closed,,https://openalex.org/W2041282815,Advanced Statistical Methods and Models,Statistics and Probability,article,2026-07-24T02:35:38+00:00
34,An Introduction to Propensity Score Methods for Reducing the Effects of Confounding in Observational Studies,10.1080/00273171.2011.568786,https://doi.org/10.1080/00273171.2011.568786,2011,2011-05-31,Multivariate Behavioral Research,12027,Yes,bronze,https://www.tandfonline.com/doi/pdf/10.1080/00273171.2011.568786?needAccess=true,https://openalex.org/W2036193982,Advanced Causal Inference Techniques,Statistics and Probability,article,2026-07-24T02:35:38+00:00
35,<tt>emcee</tt>: The MCMC Hammer,10.1086/670067,https://doi.org/10.1086/670067,2013,2013-03-01,Publications of the Astronomical Society of the Pacific,12006,Yes,bronze,https://iopscience.iop.org/article/10.1086/670067/pdf,https://openalex.org/W2063397409,Markov Chains and Monte Carlo Methods,Statistics and Probability,article,2026-07-24T02:35:38+00:00
36,Practical Statistics for Medical Research.,10.2307/2532320,https://doi.org/10.2307/2532320,1992,1992-06-01,Biometrics,11723,No,closed,,https://openalex.org/W2797597138,Advanced Statistical Methods and Models,Statistics and Probability,article,2026-07-24T02:35:38+00:00
37,Fit indices in covariance structure modeling: Sensitivity to underparameterized model misspecification.,10.1037/1082-989x.3.4.424,https://doi.org/10.1037/1082-989x.3.4.424,1998,1998-12-01,Psychological Methods,11481,No,closed,,https://openalex.org/W2005092827,Advanced Statistical Methods and Models,Statistics and Probability,article,2026-07-24T02:35:38+00:00
38,Applied Multivariate Statistical Analysis.,10.2307/2531616,https://doi.org/10.2307/2531616,1988,1988-09-01,Biometrics,11440,No,closed,,https://openalex.org/W2112440119,Advanced Statistical Methods and Models,Statistics and Probability,article,2026-07-24T02:35:38+00:00
39,Deciding on the Number of Classes in Latent Class Analysis and Growth Mixture Modeling: A Monte Carlo Simulation Study,10.1080/10705510701575396,https://doi.org/10.1080/10705510701575396,2007,2007-10-23,Structural Equation Modeling A Multidisciplinary Journal,11031,No,closed,,https://openalex.org/W2090330784,Statistical Methods and Bayesian Inference,Statistics and Probability,article,2026-07-24T02:35:38+00:00
40,Robust Locally Weighted Regression and Smoothing Scatterplots,10.1080/01621459.1979.10481038,https://doi.org/10.1080/01621459.1979.10481038,1979,1979-12-01,Journal of the American Statistical Association,10983,No,closed,,https://openalex.org/W2024081693,Advanced Statistical Methods and Models,Statistics and Probability,article,2026-07-24T02:35:38+00:00
41,Missing data: Our view of the state of the art.,10.1037/1082-989x.7.2.147,https://doi.org/10.1037/1082-989x.7.2.147,2002,2002-01-01,Psychological Methods,10961,No,closed,,https://openalex.org/W2156267802,Statistical Methods and Bayesian Inference,Statistics and Probability,article,2026-07-24T02:35:38+00:00
42,The control of the false discovery rate in multiple testing under dependency,10.1214/aos/1013699998,https://doi.org/10.1214/aos/1013699998,2001,2001-08-01,The Annals of Statistics,10852,Yes,bronze,https://projecteuclid.org/journals/annals-of-statistics/volume-29/issue-4/The-control-of-the-false-discovery-rate-in-multiple-testing/10.1214/aos/1013699998.pdf,https://openalex.org/W1596515083,Statistical Methods in Clinical Trials,Statistics and Probability,article,2026-07-24T02:35:38+00:00
43,A Caution Regarding Rules of Thumb for Variance Inflation Factors,10.1007/s11135-006-9018-6,https://doi.org/10.1007/s11135-006-9018-6,2007,2007-03-12,Quality & Quantity,10639,No,closed,,https://openalex.org/W2140964565,Advanced Statistical Methods and Models,Statistics and Probability,article,2026-07-24T02:35:38+00:00
44,Cross-Validatory Choice and Assessment of Statistical Predictions,10.1111/j.2517-6161.1974.tb00994.x,https://doi.org/10.1111/j.2517-6161.1974.tb00994.x,1974,1974-01-01,Journal of the Royal Statistical Society Series B (Statistical Methodology),10596,No,closed,,https://openalex.org/W2112081648,Advanced Statistical Methods and Models,Statistics and Probability,article,2026-07-24T02:35:38+00:00
45,Correlation Coefficients: Appropriate Use and Interpretation,10.1213/ane.0000000000002864,https://doi.org/10.1213/ane.0000000000002864,2018,2018-02-25,Anesthesia & Analgesia,10575,Yes,hybrid,https://doi.org/10.1213/ane.0000000000002864,https://openalex.org/W2793350103,Statistical Methods in Clinical Trials,Statistics and Probability,article,2026-07-24T02:35:38+00:00
46,Random effects structure for confirmatory hypothesis testing: Keep it maximal,10.1016/j.jml.2012.11.001,https://doi.org/10.1016/j.jml.2012.11.001,2013,2013-01-03,Journal of Memory and Language,10521,Yes,green,https://osf.io/9rqwz,https://openalex.org/W2141845152,Advanced Statistical Methods and Models,Statistics and Probability,article,2026-07-24T02:35:38+00:00
47,Measuring the Accuracy of Diagnostic Systems,10.1126/science.3287615,https://doi.org/10.1126/science.3287615,1988,1988-06-03,Science,10059,No,closed,,https://openalex.org/W1990748933,Advanced Statistical Methods and Models,Statistics and Probability,article,2026-07-24T02:35:38+00:00
48,Availability: A heuristic for judging frequency and probability,10.1016/0010-0285(73)90033-9,https://doi.org/10.1016/0010-0285(73)90033-9,1973,1973-09-01,Cognitive Psychology,9990,No,closed,,https://openalex.org/W2035782089,Statistics Education and Methodologies,Statistics and Probability,article,2026-07-24T02:35:38+00:00
49,Applied Linear Statistical Models,10.2307/1269588,https://doi.org/10.2307/1269588,1992,1992-02-01,Technometrics,9966,No,closed,,https://openalex.org/W3146425672,Statistical Methods and Bayesian Inference,Statistics and Probability,article,2026-07-24T02:35:38+00:00
50,"MULTIVARIABLE PROGNOSTIC MODELS: ISSUES IN DEVELOPING MODELS, EVALUATING ASSUMPTIONS AND ADEQUACY, AND MEASURING AND REDUCING ERRORS",10.1002/(sici)1097-0258(19960229)15:4<361::aid-sim168>3.0.co;2-4,https://doi.org/10.1002/(sici)1097-0258(19960229)15:4<361::aid-sim168>3.0.co;2-4,1996,1996-02-29,Statistics in Medicine,9853,No,closed,,https://openalex.org/W2129925362,Statistical Methods in Clinical Trials,Statistics and Probability,article,2026-07-24T02:35:38+00:00
51,Power analysis and determination of sample size for covariance structure modeling.,10.1037/1082-989x.1.2.130,https://doi.org/10.1037/1082-989x.1.2.130,1996,1996-06-01,Psychological Methods,9846,No,closed,,https://openalex.org/W1971410477,Advanced Statistical Methods and Models,Statistics and Probability,article,2026-07-24T02:35:38+00:00
52,Structural Equation Models with Unobservable Variables and Measurement Error: Algebra and Statistics,10.2307/3150980,https://doi.org/10.2307/3150980,1981,1981-08-01,Journal of Marketing Research,9740,No,closed,,https://openalex.org/W1985419904,Advanced Statistical Methods and Models,Statistics and Probability,article,2026-07-24T02:35:38+00:00
53,Inference and missing data,10.1093/biomet/63.3.581,https://doi.org/10.1093/biomet/63.3.581,1976,1976-01-01,Biometrika,9740,No,closed,,https://openalex.org/W2100358124,Statistical Methods and Bayesian Inference,Statistics and Probability,article,2026-07-24T02:35:38+00:00
54,Multiple imputation using chained equations: Issues and guidance for practice,10.1002/sim.4067,https://doi.org/10.1002/sim.4067,2010,2010-11-30,Statistics in Medicine,9724,No,closed,,https://openalex.org/W2134843796,Statistical Methods and Bayesian Inference,Statistics and Probability,article,2026-07-24T02:35:38+00:00
55,A Modified Poisson Regression Approach to Prospective Studies with Binary Data,10.1093/aje/kwh090,https://doi.org/10.1093/aje/kwh090,2004,2004-03-19,American Journal of Epidemiology,9565,No,closed,,https://openalex.org/W2112669742,Statistical Methods and Bayesian Inference,Statistics and Probability,article,2026-07-24T02:35:38+00:00
56,<b>brms</b> : An <i>R</i> Package for Bayesian Multilevel Models Using <i>Stan</i>,10.18637/jss.v080.i01,https://doi.org/10.18637/jss.v080.i01,2017,2017-01-01,Journal of Statistical Software,9522,Yes,diamond,https://www.jstatsoft.org/index.php/jss/article/view/v080i01/v80i01.pdf,https://openalex.org/W2749069611,Statistical Methods and Bayesian Inference,Statistics and Probability,article,2026-07-24T02:35:38+00:00
57,Estimating causal effects of treatments in randomized and nonrandomized studies.,10.1037/h0037350,https://doi.org/10.1037/h0037350,1974,1974-10-01,Journal of Educational Psychology,9517,Yes,green,http://nrs.harvard.edu/urn-3:HUL.InstRepos:3408692,https://openalex.org/W2132917208,Advanced Causal Inference Techniques,Statistics and Probability,article,2026-07-24T02:35:38+00:00
58,Least angle regression,10.1214/009053604000000067,https://doi.org/10.1214/009053604000000067,2004,2004-04-01,The Annals of Statistics,9515,Yes,bronze,https://projecteuclid.org/journals/annals-of-statistics/volume-32/issue-2/Least-angle-regression/10.1214/009053604000000067.pdf,https://openalex.org/W2063978378,Statistical Methods and Inference,Statistics and Probability,article,2026-07-24T02:35:38+00:00
59,Biometry. The Principles and Practice of Statistics in Biological Research,10.2307/2529087,https://doi.org/10.2307/2529087,1970,1970-06-01,Biometrics,9457,No,closed,,https://openalex.org/W2317800347,Probability and Statistical Research,Statistics and Probability,article,2026-07-24T02:35:38+00:00
60,Applied Multiple Regression/Correlation Analysis for the Behavioral Sciences,10.1046/j.1467-9884.2003.t01-2-00383_4.x,https://doi.org/10.1046/j.1467-9884.2003.t01-2-00383_4.x,2003,2003-11-21,Journal of the Royal Statistical Society Series D (The Statistician),9376,No,closed,,https://openalex.org/W2056795330,Advanced Statistical Methods and Models,Statistics and Probability,article,2026-07-24T02:35:38+00:00
61,Continuous Univariate Distributions.,10.2307/2291547,https://doi.org/10.2307/2291547,1995,1995-12-01,Journal of the American Statistical Association,9273,No,closed,,https://openalex.org/W1991567646,Statistical Distribution Estimation and Applications,Statistics and Probability,article,2026-07-24T02:35:38+00:00
62,An Introduction to Multivariate Statistical Analysis,10.2307/1391399,https://doi.org/10.2307/1391399,1986,1986-01-01,Journal of Business and Economic Statistics,9264,No,closed,,https://openalex.org/W2063698478,Advanced Statistical Methods and Models,Statistics and Probability,article,2026-07-24T02:35:38+00:00
63,Variable Selection via Nonconcave Penalized Likelihood and its Oracle Properties,10.1198/016214501753382273,https://doi.org/10.1198/016214501753382273,2001,2001-12-01,Journal of the American Statistical Association,9230,No,closed,,https://openalex.org/W2074682976,Statistical Methods and Inference,Statistics and Probability,article,2026-07-24T02:35:38+00:00
64,A simulation study of the number of events per variable in logistic regression analysis,10.1016/s0895-4356(96)00236-3,https://doi.org/10.1016/s0895-4356(96)00236-3,1996,1996-12-01,Journal of Clinical Epidemiology,9171,Yes,hybrid,https://doi.org/10.1016/s0895-4356(96)00236-3,https://openalex.org/W2037668591,Statistical Methods and Bayesian Inference,Statistics and Probability,article,2026-07-24T02:35:38+00:00
65,Random-Effects Models for Longitudinal Data,10.2307/2529876,https://doi.org/10.2307/2529876,1982,1982-12-01,Biometrics,8953,No,closed,,https://openalex.org/W2082246284,Statistical Methods and Bayesian Inference,Statistics and Probability,article,2026-07-24T02:35:38+00:00
66,The Lagrange Multiplier Test and its Applications to Model Specification in Econometrics,10.2307/2297111,https://doi.org/10.2307/2297111,1980,1980-01-01,The Review of Economic Studies,8819,No,closed,,https://openalex.org/W2067402622,Statistical Methods and Inference,Statistics and Probability,article,2026-07-24T02:35:38+00:00
67,Design and analysis of randomized clinical trials requiring prolonged observation of each patient. II. Analysis and examples,10.1038/bjc.1977.1,https://doi.org/10.1038/bjc.1977.1,1977,1977-01-01,British Journal of Cancer,8411,Yes,green,https://www.ncbi.nlm.nih.gov/pmc/articles/2025310,https://openalex.org/W2038252730,Statistical Methods in Clinical Trials,Statistics and Probability,article,2026-07-24T02:35:38+00:00
68,Statistical Methods for Psychology.,10.2307/2348956,https://doi.org/10.2307/2348956,1994,1994-01-01,Journal of the Royal Statistical Society Series D (The Statistician),8383,No,closed,,https://openalex.org/W1562811233,Statistics Education and Methodologies,Statistics and Probability,article,2026-07-24T02:35:38+00:00
69,A Test of Missing Completely at Random for Multivariate Data with Missing Values,10.1080/01621459.1988.10478722,https://doi.org/10.1080/01621459.1988.10478722,1988,1988-12-01,Journal of the American Statistical Association,8361,No,closed,,https://openalex.org/W2078965693,Statistical Methods and Bayesian Inference,Statistics and Probability,article,2026-07-24T02:35:38+00:00
70,What is coefficient alpha? An examination of theory and applications.,10.1037/0021-9010.78.1.98,https://doi.org/10.1037/0021-9010.78.1.98,1993,1993-02-01,Journal of Applied Psychology,8103,No,closed,,https://openalex.org/W2117012826,Advanced Statistical Methods and Models,Statistics and Probability,article,2026-07-24T02:35:38+00:00
71,An Efficient Method of Estimating Seemingly Unrelated Regressions and Tests for Aggregation Bias,10.1080/01621459.1962.10480664,https://doi.org/10.1080/01621459.1962.10480664,1962,1962-06-01,Journal of the American Statistical Association,8088,No,closed,,https://openalex.org/W2094514178,Advanced Statistical Methods and Models,Statistics and Probability,article,2026-07-24T02:35:38+00:00
72,Nonparametric Statistics for the Behavioral Sciences.,10.2307/2342828,https://doi.org/10.2307/2342828,1957,1957-01-01,Journal of the Royal Statistical Society Series A (General),8009,No,closed,,https://openalex.org/W3144372880,Statistics Education and Methodologies,Statistics and Probability,article,2026-07-24T02:35:38+00:00
73,Longitudinal Data Analysis for Discrete and Continuous Outcomes,10.2307/2531248,https://doi.org/10.2307/2531248,1986,1986-03-01,Biometrics,7852,No,closed,,https://openalex.org/W1978136073,Statistical Methods and Bayesian Inference,Statistics and Probability,article,2026-07-24T02:35:38+00:00
74,Nonparametric Estimation from Incomplete Observations,10.2307/2281868,https://doi.org/10.2307/2281868,1958,1958-06-01,Journal of the American Statistical Association,7776,No,closed,,https://openalex.org/W3041047318,Statistical Distribution Estimation and Applications,Statistics and Probability,article,2026-07-24T02:35:38+00:00
75,Applied Logistic Regression.,10.2307/2290035,https://doi.org/10.2307/2290035,1990,1990-09-01,Journal of the American Statistical Association,7729,No,closed,,https://openalex.org/W4298222310,Advanced Statistical Methods and Models,Statistics and Probability,article,2026-07-24T02:35:38+00:00
76,Confidence Limits for the Indirect Effect: Distribution of the Product and Resampling Methods,10.1207/s15327906mbr3901_4,https://doi.org/10.1207/s15327906mbr3901_4,2004,2004-01-01,Multivariate Behavioral Research,7667,Yes,bronze,https://www.tandfonline.com/doi/abs/10.1207/s15327906mbr3901_4,https://openalex.org/W2113168655,Statistical Methods in Clinical Trials,Statistics and Probability,article,2026-07-24T02:35:38+00:00
77,The Adaptive Lasso and Its Oracle Properties,10.1198/016214506000000735,https://doi.org/10.1198/016214506000000735,2006,2006-11-25,Journal of the American Statistical Association,7658,No,closed,,https://openalex.org/W2020925091,Statistical Methods and Inference,Statistics and Probability,article,2026-07-24T02:35:38+00:00
78,Fast Stable Restricted Maximum Likelihood and Marginal Likelihood Estimation of Semiparametric Generalized Linear Models,10.1111/j.1467-9868.2010.00749.x,https://doi.org/10.1111/j.1467-9868.2010.00749.x,2010,2010-09-14,Journal of the Royal Statistical Society Series B (Statistical Methodology),7644,Yes,bronze,https://academic.oup.com/jrsssb/article-pdf/73/1/3/49162718/jrsssb_73_1_3.pdf,https://openalex.org/W2119160928,Statistical Methods and Inference,Statistics and Probability,article,2026-07-24T02:35:38+00:00
79,Program MARK: survival estimation from populations of marked animals,10.1080/00063659909477239,https://doi.org/10.1080/00063659909477239,1999,1999-01-01,Bird Study,7580,No,closed,,https://openalex.org/W2133371793,Census and Population Estimation,Statistics and Probability,article,2026-07-24T02:35:38+00:00
80,Model Selection and Estimation in Regression with Grouped Variables,10.1111/j.1467-9868.2005.00532.x,https://doi.org/10.1111/j.1467-9868.2005.00532.x,2005,2005-12-21,Journal of the Royal Statistical Society Series B (Statistical Methodology),7487,Yes,bronze,https://academic.oup.com/jrsssb/article-pdf/68/1/49/49794691/jrsssb_68_1_49.pdf,https://openalex.org/W2138019504,Statistical Methods and Inference,Statistics and Probability,article,2026-07-24T02:35:38+00:00
81,<i>Stan</i> : A Probabilistic Programming Language,10.18637/jss.v076.i01,https://doi.org/10.18637/jss.v076.i01,2017,2017-01-01,Journal of Statistical Software,7442,Yes,diamond,https://www.jstatsoft.org/index.php/jss/article/view/v076i01/v76i01.pdf,https://openalex.org/W2577537660,Statistical Methods and Bayesian Inference,Statistics and Probability,article,2026-07-24T02:35:38+00:00
82,Structural Model Evaluation and Modification: An Interval Estimation Approach,10.1207/s15327906mbr2502_4,https://doi.org/10.1207/s15327906mbr2502_4,1990,1990-04-01,Multivariate Behavioral Research,7412,No,closed,,https://openalex.org/W2163297822,Statistical Methods and Applications,Statistics and Probability,article,2026-07-24T02:35:38+00:00
83,Difference-in-differences with variation in treatment timing,10.1016/j.jeconom.2021.03.014,https://doi.org/10.1016/j.jeconom.2021.03.014,2021,2021-06-12,Journal of Econometrics,7377,No,closed,,https://openalex.org/W2791859701,Advanced Causal Inference Techniques,Statistics and Probability,article,2026-07-24T02:35:38+00:00
84,Applied Linear Statistical Models,10.1080/00401706.1997.10485141,https://doi.org/10.1080/00401706.1997.10485141,1997,1997-08-01,Technometrics,7278,Yes,bronze,https://www.tandfonline.com/doi/abs/10.1080/00401706.1997.10485141,https://openalex.org/W2122450421,Statistical Methods and Applications,Statistics and Probability,article,2026-07-24T02:35:38+00:00
85,Multiple imputation for missing data in epidemiological and clinical research: potential and pitfalls,10.1136/bmj.b2393,https://doi.org/10.1136/bmj.b2393,2009,2009-06-29,BMJ,7230,Yes,hybrid,https://doi.org/10.1136/bmj.b2393,https://openalex.org/W2065974896,Statistical Methods and Bayesian Inference,Statistics and Probability,article,2026-07-24T02:35:38+00:00
86,Generalized Linear Models,10.2307/2344614,https://doi.org/10.2307/2344614,1972,1972-01-01,Journal of the Royal Statistical Society Series A (General),7228,No,closed,,https://openalex.org/W2801490189,Statistical Methods and Bayesian Inference,Statistics and Probability,article,2026-07-24T02:35:38+00:00
87,Stochastic gradient boosting,10.1016/s0167-9473(01)00065-2,https://doi.org/10.1016/s0167-9473(01)00065-2,2002,2002-02-01,Computational Statistics & Data Analysis,7117,No,closed,,https://openalex.org/W2070493638,Advanced Statistical Methods and Models,Statistics and Probability,article,2026-07-24T02:35:38+00:00
88,Robust Estimation of a Location Parameter,10.1214/aoms/1177703732,https://doi.org/10.1214/aoms/1177703732,1964,1964-03-01,The Annals of Mathematical Statistics,7066,Yes,diamond,https://projecteuclid.org/journals/annals-of-mathematical-statistics/volume-35/issue-1/Robust-Estimation-of-a-Location-Parameter/10.1214/aoms/1177703732.pdf,https://openalex.org/W2046033161,Advanced Statistical Methods and Models,Statistics and Probability,article,2026-07-24T02:35:38+00:00
89,Regression Models for Categorical and Limited Dependent Variables.,10.2307/2965458,https://doi.org/10.2307/2965458,1997,1997-12-01,Journal of the American Statistical Association,6973,No,closed,,https://openalex.org/W2016382728,Statistical Methods in Epidemiology,Statistics and Probability,article,2026-07-24T02:35:38+00:00
90,Additive logistic regression: a statistical view of boosting (With discussion and a rejoinder by the authors),10.1214/aos/1016218223,https://doi.org/10.1214/aos/1016218223,2000,2000-04-01,The Annals of Statistics,6964,Yes,bronze,https://projecteuclid.org/journals/annals-of-statistics/volume-28/issue-2/Additive-logistic-regression--a-statistical-view-of-boosting-With/10.1214/aos/1016218223.pdf,https://openalex.org/W2024046085,Advanced Statistical Methods and Models,Statistics and Probability,article,2026-07-24T02:35:38+00:00
91,Bayesian Model Selection in Social Research,10.2307/271063,https://doi.org/10.2307/271063,1995,1995-01-01,Sociological Methodology,6928,No,closed,,https://openalex.org/W2089763487,Advanced Causal Inference Techniques,Statistics and Probability,article,2026-07-24T02:35:38+00:00
92,Sisvar: a computer statistical analysis system,10.1590/s1413-70542011000600001,https://doi.org/10.1590/s1413-70542011000600001,2011,2011-12-01,Ciência e Agrotecnologia,6920,Yes,gold,https://www.scielo.br/j/cagro/a/yjKLJXN9KysfmX6rvL93TSh/?lang=en&format=pdf,https://openalex.org/W1747388711,Statistical Methods and Applications,Statistics and Probability,article,2026-07-24T02:35:38+00:00
93,The Theory of Probability,10.1038/109132a0,https://doi.org/10.1038/109132a0,1922,1922-02-01,Nature,6745,Yes,bronze,https://www.nature.com/articles/109132a0.pdf,https://openalex.org/W2126163471,Probability and Statistical Research,Statistics and Probability,article,2026-07-24T02:35:38+00:00
94,The Advanced Theory of Statistics.,10.2307/2344782,https://doi.org/10.2307/2344782,1978,1978-01-01,Journal of the Royal Statistical Society Series A (General),6735,No,closed,,https://openalex.org/W2611591252,Statistics Education and Methodologies,Statistics and Probability,article,2026-07-24T02:35:38+00:00
95,Sampling-Based Approaches to Calculating Marginal Densities,10.1080/01621459.1990.10476213,https://doi.org/10.1080/01621459.1990.10476213,1990,1990-06-01,Journal of the American Statistical Association,6686,No,closed,,https://openalex.org/W2083875149,Statistical Methods and Bayesian Inference,Statistics and Probability,article,2026-07-24T02:35:38+00:00
96,Biomarkers and surrogate endpoints: Preferred definitions and conceptual framework,10.1067/mcp.2001.113989,https://doi.org/10.1067/mcp.2001.113989,2001,2001-03-01,Clinical Pharmacology & Therapeutics,6661,No,closed,,https://openalex.org/W91108901,Statistical Methods in Clinical Trials,Statistics and Probability,article,2026-07-24T02:35:38+00:00
97,Sparse inverse covariance estimation with the graphical lasso,10.1093/biostatistics/kxm045,https://doi.org/10.1093/biostatistics/kxm045,2007,2007-12-12,Biostatistics,6615,Yes,bronze,https://academic.oup.com/biostatistics/article-pdf/9/3/432/17742149/kxm045.pdf,https://openalex.org/W2132555912,Statistical Methods and Inference,Statistics and Probability,article,2026-07-24T02:35:38+00:00
98,Ridge Regression: Biased Estimation for Nonorthogonal Problems,10.2307/1271436,https://doi.org/10.2307/1271436,2000,2000-02-01,Technometrics,6591,No,closed,,https://openalex.org/W2047028564,Advanced Statistical Methods and Models,Statistics and Probability,article,2026-07-24T02:35:38+00:00
99,Balance diagnostics for comparing the distribution of baseline covariates between treatment groups in propensity‐score matched samples,10.1002/sim.3697,https://doi.org/10.1002/sim.3697,2009,2009-09-15,Statistics in Medicine,6576,Yes,bronze,https://onlinelibrary.wiley.com/doi/pdfdirect/10.1002/sim.3697,https://openalex.org/W2126049444,Advanced Causal Inference Techniques,Statistics and Probability,article,2026-07-24T02:35:38+00:00
100,Statistics for Experimenters,10.2307/1267766,https://doi.org/10.2307/1267766,1979,1979-08-01,Technometrics,6540,No,closed,,https://openalex.org/W1968226729,Advanced Statistical Methods and Models,Statistics and Probability,article,2026-07-24T02:35:38+00:00
101,Tests of Equality Between Sets of Coefficients in Two Linear Regressions,10.2307/1910133,https://doi.org/10.2307/1910133,1960,1960-07-01,Econometrica,6527,No,closed,,https://openalex.org/W1984536024,Advanced Statistical Methods and Models,Statistics and Probability,article,2026-07-24T02:35:38+00:00
102,Regression Diagnostics -- Identifying Influential Data and Sources of Collinearity,10.2307/2581267,https://doi.org/10.2307/2581267,1981,1981-02-01,Journal of the Operational Research Society,6522,No,closed,,https://openalex.org/W2048997388,Advanced Statistical Methods and Models,Statistics and Probability,article,2026-07-24T02:35:38+00:00
103,Rank Correlation Methods.,10.2307/2333282,https://doi.org/10.2307/2333282,1957,1957-06-01,Biometrika,6450,No,closed,,https://openalex.org/W2124379907,Advanced Statistical Methods and Models,Statistics and Probability,article,2026-07-24T02:35:38+00:00
104,On the psychology of prediction.,10.1037/h0034747,https://doi.org/10.1037/h0034747,1973,1973-07-01,Psychological Review,6260,No,closed,,https://openalex.org/W1980054641,Statistics Education and Methodologies,Statistics and Probability,article,2026-07-24T02:35:38+00:00
105,SOME PRACTICAL GUIDANCE FOR THE IMPLEMENTATION OF PROPENSITY SCORE MATCHING,10.1111/j.1467-6419.2007.00527.x,https://doi.org/10.1111/j.1467-6419.2007.00527.x,2008,2008-01-31,Journal of Economic Surveys,6199,No,closed,,https://openalex.org/W2159805452,Advanced Causal Inference Techniques,Statistics and Probability,article,2026-07-24T02:35:38+00:00
106,Robust Regression and Outlier Detection,10.2307/1268828,https://doi.org/10.2307/1268828,1989,1989-05-01,Technometrics,6197,No,closed,,https://openalex.org/W2129249398,Advanced Statistical Methods and Models,Statistics and Probability,article,2026-07-24T02:35:38+00:00
107,MissForest—non-parametric missing value imputation for mixed-type data,10.1093/bioinformatics/btr597,https://doi.org/10.1093/bioinformatics/btr597,2011,2011-10-28,Bioinformatics,6193,Yes,bronze,https://academic.oup.com/bioinformatics/article-pdf/28/1/112/50568519/bioinformatics_28_1_112.pdf,https://openalex.org/W2064186732,Statistical Methods and Bayesian Inference,Statistics and Probability,article,2026-07-24T02:35:38+00:00
108,Root mean square error (RMSE) or mean absolute error (MAE)? – Arguments against avoiding RMSE in the literature,10.5194/gmd-7-1247-2014,https://doi.org/10.5194/gmd-7-1247-2014,2014,2014-06-30,Geoscientific model development,6187,Yes,gold,https://gmd.copernicus.org/articles/7/1247/2014/gmd-7-1247-2014.pdf,https://openalex.org/W2102148524,Statistical Methods and Inference,Statistics and Probability,article,2026-07-24T02:35:38+00:00
109,"Bootstrap Methods for Standard Errors, Confidence Intervals, and Other Measures of Statistical Accuracy",10.1214/ss/1177013815,https://doi.org/10.1214/ss/1177013815,1986,1986-02-01,Statistical Science,6158,Yes,bronze,https://projecteuclid.org/journals/statistical-science/volume-1/issue-1/Bootstrap-Methods-for-Standard-Errors-Confidence-Intervals-and-Other-Measures/10.1214/ss/1177013815.pdf,https://openalex.org/W2112688502,Advanced Statistical Methods and Models,Statistics and Probability,article,2026-07-24T02:35:38+00:00
110,Nonparametric Statistical Methods,10.1080/00401706.1999.10485954,https://doi.org/10.1080/00401706.1999.10485954,1999,1999-11-01,Technometrics,6153,No,closed,,https://openalex.org/W2325343629,Advanced Statistical Methods and Models,Statistics and Probability,article,2026-07-24T02:35:38+00:00
111,Missing Data Analysis: Making It Work in the Real World,10.1146/annurev.psych.58.110405.085530,https://doi.org/10.1146/annurev.psych.58.110405.085530,2008,2008-07-24,Annual Review of Psychology,6123,No,closed,,https://openalex.org/W2116814040,Statistical Methods and Bayesian Inference,Statistics and Probability,article,2026-07-24T02:35:38+00:00
112,General Methods for Monitoring Convergence of Iterative Simulations,10.1080/10618600.1998.10474787,https://doi.org/10.1080/10618600.1998.10474787,1998,1998-12-01,Journal of Computational and Graphical Statistics,6103,No,closed,,https://openalex.org/W2093223772,Statistical Methods and Bayesian Inference,Statistics and Probability,article,2026-07-24T02:35:38+00:00
113,Estimating and Testing Linear Models with Multiple Structural Changes,10.2307/2998540,https://doi.org/10.2307/2998540,1998,1998-01-01,Econometrica,6049,Yes,green,https://dspace.mit.edu/bitstream/1721.1/63516/1/estimatingtestin00baij.pdf,https://openalex.org/W1491711721,Advanced Statistical Methods and Models,Statistics and Probability,article,2026-07-24T02:35:38+00:00
114,Mathematical Methods of Statistics.,10.2307/2226151,https://doi.org/10.2307/2226151,1947,1947-06-01,The Economic Journal,6030,No,closed,,https://openalex.org/W4255783720,Statistics Education and Methodologies,Statistics and Probability,article,2026-07-24T02:35:38+00:00
115,Reversible jump Markov chain Monte Carlo computation and Bayesian model determination,10.1093/biomet/82.4.711,https://doi.org/10.1093/biomet/82.4.711,1995,1995-01-01,Biometrika,5937,No,closed,,https://openalex.org/W2106706098,Markov Chains and Monte Carlo Methods,Statistics and Probability,article,2026-07-24T02:35:38+00:00
116,A Multiple Comparison Procedure for Comparing Several Treatments with a Control,10.1080/01621459.1955.10501294,https://doi.org/10.1080/01621459.1955.10501294,1955,1955-12-01,Journal of the American Statistical Association,5911,No,closed,,https://openalex.org/W2012757283,Statistical Methods in Clinical Trials,Statistics and Probability,article,2026-07-24T02:35:38+00:00
117,Sensitivity Analysis in Observational Research: Introducing the E-Value,10.7326/m16-2607,https://doi.org/10.7326/m16-2607,2017,2017-07-10,Annals of Internal Medicine,5857,Yes,green,http://nrs.harvard.edu/urn-3:HUL.InstRepos:36874927,https://openalex.org/W2735301415,Advanced Causal Inference Techniques,Statistics and Probability,article,2026-07-24T02:35:38+00:00
118,A NEW MEASURE OF RANK CORRELATION,10.1093/biomet/30.1-2.81,https://doi.org/10.1093/biomet/30.1-2.81,1938,1938-06-01,Biometrika,5844,No,closed,,https://openalex.org/W1985514943,Statistical Methods and Inference,Statistics and Probability,article,2026-07-24T02:35:38+00:00
119,Biostatistical Analysis (2nd ed.).,10.2307/2289268,https://doi.org/10.2307/2289268,1986,1986-06-01,Journal of the American Statistical Association,5834,No,closed,,https://openalex.org/W1978177900,Statistics Education and Methodologies,Statistics and Probability,article,2026-07-24T02:35:38+00:00
120,Applied Regression Analysis,10.2307/1267833,https://doi.org/10.2307/1267833,1982,1982-11-01,Technometrics,5830,No,closed,,https://openalex.org/W4300945981,Advanced Statistical Methods and Models,Statistics and Probability,article,2026-07-24T02:35:38+00:00
121,A Direct Approach to False Discovery Rates,10.1111/1467-9868.00346,https://doi.org/10.1111/1467-9868.00346,2002,2002-08-01,Journal of the Royal Statistical Society Series B (Statistical Methodology),5814,Yes,bronze,https://academic.oup.com/jrsssb/article-pdf/64/3/479/49722049/jrsssb_64_3_479.pdf,https://openalex.org/W2105381419,Statistical Methods in Clinical Trials,Statistics and Probability,article,2026-07-24T02:35:38+00:00
122,A note on a general definition of the coefficient of determination,10.1093/biomet/78.3.691,https://doi.org/10.1093/biomet/78.3.691,1991,1991-01-01,Biometrika,5737,No,closed,,https://openalex.org/W2123162799,Advanced Statistical Methods and Models,Statistics and Probability,article,2026-07-24T02:35:38+00:00
123,Applied Linear Statistical Models.,10.2307/2289108,https://doi.org/10.2307/2289108,1986,1986-12-01,Journal of the American Statistical Association,5678,No,closed,,https://openalex.org/W4291114417,Statistical Methods and Bayesian Inference,Statistics and Probability,article,2026-07-24T02:35:38+00:00
124,Proportional hazards tests and diagnostics based on weighted residuals,10.1093/biomet/81.3.515,https://doi.org/10.1093/biomet/81.3.515,1994,1994-01-01,Biometrika,5643,No,closed,,https://openalex.org/W1966714873,Advanced Statistical Methods and Models,Statistics and Probability,article,2026-07-24T02:35:38+00:00
125,Monte Carlo Statistical Methods,10.2307/1270959,https://doi.org/10.2307/1270959,2000,2000-11-01,Technometrics,5614,No,closed,,https://openalex.org/W1985093013,Markov Chains and Monte Carlo Methods,Statistics and Probability,article,2026-07-24T02:35:38+00:00
126,Entropy Balancing for Causal Effects: A Multivariate Reweighting Method to Produce Balanced Samples in Observational Studies,10.1093/pan/mpr025,https://doi.org/10.1093/pan/mpr025,2011,2011-10-17,Political Analysis,5605,No,closed,,https://openalex.org/W3122812581,Advanced Causal Inference Techniques,Statistics and Probability,article,2026-07-24T02:35:38+00:00
127,Marginal Structural Models and Causal Inference in Epidemiology,10.1097/00001648-200009000-00011,https://doi.org/10.1097/00001648-200009000-00011,2000,2000-09-01,Epidemiology,5592,No,closed,,https://openalex.org/W2009187570,Advanced Causal Inference Techniques,Statistics and Probability,article,2026-07-24T02:35:38+00:00
128,Synthetic Control Methods for Comparative Case Studies: Estimating the Effect of California’s Tobacco Control Program,10.1198/jasa.2009.ap08746,https://doi.org/10.1198/jasa.2009.ap08746,2010,2010-03-16,Journal of the American Statistical Association,5479,Yes,green,http://hdl.handle.net/1721.1/59447,https://openalex.org/W3125057276,Advanced Causal Inference Techniques,Statistics and Probability,article,2026-07-24T02:35:38+00:00
129,Practical Bayesian model evaluation using leave-one-out cross-validation and WAIC,10.1007/s11222-016-9696-4,https://doi.org/10.1007/s11222-016-9696-4,2016,2016-08-30,Statistics and Computing,5468,Yes,green,https://arxiv.org/pdf/1507.04544,https://openalex.org/W2203714058,Statistical Methods and Inference,Statistics and Probability,article,2026-07-24T02:35:38+00:00
130,A Simple Test for Heteroscedasticity and Random Coefficient Variation,10.2307/1911963,https://doi.org/10.2307/1911963,1979,1979-09-01,Econometrica,5457,No,closed,,https://openalex.org/W2060806362,Statistical Distribution Estimation and Applications,Statistics and Probability,article,2026-07-24T02:35:38+00:00
131,Matching Methods for Causal Inference: A Review and a Look Forward,10.1214/09-sts313,https://doi.org/10.1214/09-sts313,2010,2010-02-01,Statistical Science,5412,Yes,bronze,https://projecteuclid.org/journals/statistical-science/volume-25/issue-1/Matching-Methods-for-Causal-Inference--A-Review-and-a/10.1214/09-STS313.pdf,https://openalex.org/W2155163959,Advanced Causal Inference Techniques,Statistics and Probability,article,2026-07-24T02:35:38+00:00
132,Propensity score methods for bias reduction in the comparison of a treatment to a non-randomized control group,10.1002/(sici)1097-0258(19981015)17:19<2265::aid-sim918>3.0.co;2-b,https://doi.org/10.1002/(sici)1097-0258(19981015)17:19<2265::aid-sim918>3.0.co;2-b,1998,1998-10-15,Statistics in Medicine,5375,No,closed,,https://openalex.org/W2121690051,Advanced Causal Inference Techniques,Statistics and Probability,article,2026-07-24T02:35:38+00:00
133,Factor Analysis and AIC,10.1007/bf02294359,https://doi.org/10.1007/bf02294359,1987,1987-09-01,Psychometrika,5175,No,closed,,https://openalex.org/W4237377395,Advanced Statistical Methods and Models,Statistics and Probability,article,2026-07-24T02:35:38+00:00
134,Discrete Multivariate Analysis: Theory and Practice.,10.2307/2063625,https://doi.org/10.2307/2063625,1975,1975-09-01,Contemporary Sociology A Journal of Reviews,5167,No,closed,,https://openalex.org/W2074673068,Statistical Methods and Applications,Statistics and Probability,article,2026-07-24T02:35:38+00:00
135,The robustness of test statistics to nonnormality and specification error in confirmatory factor analysis.,10.1037/1082-989x.1.1.16,https://doi.org/10.1037/1082-989x.1.1.16,1996,1996-03-01,Psychological Methods,5163,No,closed,,https://openalex.org/W1968524945,Advanced Statistical Methods and Models,Statistics and Probability,article,2026-07-24T02:35:38+00:00
136,Methods of quantum field theory in statistical physics,10.1016/0016-0032(64)90056-0,https://doi.org/10.1016/0016-0032(64)90056-0,1964,1964-01-01,Journal of the Franklin Institute,5142,No,closed,,https://openalex.org/W2072872008,Random Matrices and Applications,Statistics and Probability,article,2026-07-24T02:35:38+00:00
137,The EM Algorithm and Extensions,10.2307/1271189,https://doi.org/10.2307/1271189,1998,1998-08-01,Technometrics,5131,No,closed,,https://openalex.org/W2117853077,Advanced Statistical Methods and Models,Statistics and Probability,article,2026-07-24T02:35:38+00:00
138,Statistics and Causal Inference,10.1080/01621459.1986.10478354,https://doi.org/10.1080/01621459.1986.10478354,1986,1986-12-01,Journal of the American Statistical Association,5123,No,closed,,https://openalex.org/W1978108654,Advanced Causal Inference Techniques,Statistics and Probability,article,2026-07-24T02:35:38+00:00
139,Two-sided confidence intervals for the single proportion: comparison of seven methods,10.1002/(sici)1097-0258(19980430)17:8<857::aid-sim777>3.0.co;2-e,https://doi.org/10.1002/(sici)1097-0258(19980430)17:8<857::aid-sim777>3.0.co;2-e,1998,1998-04-30,Statistics in Medicine,5107,No,closed,,https://openalex.org/W2146272590,Probabilistic Statistics in Medicine,Statistics and Probability,article,2026-07-24T02:35:38+00:00
140,Impulse response analysis in nonlinear multivariate models,10.1016/0304-4076(95)01753-4,https://doi.org/10.1016/0304-4076(95)01753-4,1996,1996-09-01,Journal of Econometrics,5072,No,closed,,https://openalex.org/W1969610664,Advanced Statistical Methods and Models,Statistics and Probability,article,2026-07-24T02:35:38+00:00
141,Techniques for Testing the Constancy of Regression Relationships Over Time,10.1111/j.2517-6161.1975.tb01532.x,https://doi.org/10.1111/j.2517-6161.1975.tb01532.x,1975,1975-01-01,Journal of the Royal Statistical Society Series B (Statistical Methodology),5070,No,closed,,https://openalex.org/W1531653575,Advanced Statistical Methods and Models,Statistics and Probability,article,2026-07-24T02:35:38+00:00
142,Thresholding of Statistical Maps in Functional Neuroimaging Using the False Discovery Rate,10.1006/nimg.2001.1037,https://doi.org/10.1006/nimg.2001.1037,2002,2002-04-01,NeuroImage,5037,Yes,green,https://figshare.com/articles/preprint/Thresholding_of_Statistical_Maps_in_Functional_Neuroimaging_Using_the_False_Discovery_Rate/5572453,https://openalex.org/W2163274894,Statistical Methods in Clinical Trials,Statistics and Probability,article,2026-07-24T02:35:38+00:00
143,Estimating dynamic treatment effects in event studies with heterogeneous treatment effects,10.1016/j.jeconom.2020.09.006,https://doi.org/10.1016/j.jeconom.2020.09.006,2020,2020-12-16,Journal of Econometrics,5021,No,closed,,https://openalex.org/W3112066496,Advanced Causal Inference Techniques,Statistics and Probability,article,2026-07-24T02:35:38+00:00
144,An Introduction to Kernel and Nearest-Neighbor Nonparametric Regression,10.1080/00031305.1992.10475879,https://doi.org/10.1080/00031305.1992.10475879,1992,1992-08-01,The American Statistician,5012,No,closed,,https://openalex.org/W1985258161,Statistical Methods and Inference,Statistics and Probability,article,2026-07-24T02:35:38+00:00
145,"The coefficient of determination R-squared is more informative than SMAPE, MAE, MAPE, MSE and RMSE in regression analysis evaluation",10.7717/peerj-cs.623,https://doi.org/10.7717/peerj-cs.623,2021,2021-07-05,PeerJ Computer Science,4993,Yes,gold,https://doi.org/10.7717/peerj-cs.623,https://openalex.org/W3182706339,Advanced Statistical Methods and Models,Statistics and Probability,article,2026-07-24T02:35:38+00:00
146,Multilevel Statistical Models,10.1198/tech.2006.s417,https://doi.org/10.1198/tech.2006.s417,2006,2006-08-01,Technometrics,4988,No,closed,,https://openalex.org/W2030769837,Statistical Methods and Applications,Statistics and Probability,article,2026-07-24T02:35:38+00:00
147,A Class of $K$-Sample Tests for Comparing the Cumulative Incidence of a Competing Risk,10.1214/aos/1176350951,https://doi.org/10.1214/aos/1176350951,1988,1988-09-01,The Annals of Statistics,4987,Yes,bronze,https://projecteuclid.org/journals/annals-of-statistics/volume-16/issue-3/A-Class-of-K-Sample-Tests-for-Comparing-the-Cumulative/10.1214/aos/1176350951.pdf,https://openalex.org/W2073140442,Statistical Distribution Estimation and Applications,Statistics and Probability,article,2026-07-24T02:35:38+00:00
148,On Methods in the Analysis of Profile Data,10.1007/bf02289823,https://doi.org/10.1007/bf02289823,1959,1959-06-01,Psychometrika,4977,No,closed,,https://openalex.org/W2062526841,Advanced Statistical Methods and Models,Statistics and Probability,article,2026-07-24T02:35:38+00:00
149,Distribution Theory for Glass's Estimator of Effect size and Related Estimators,10.3102/10769986006002107,https://doi.org/10.3102/10769986006002107,1981,1981-06-01,Journal of Educational Statistics,4957,No,closed,,https://openalex.org/W2059527510,Advanced Statistical Methods and Models,Statistics and Probability,article,2026-07-24T02:35:38+00:00
150,Generalized Linear Models (2nd ed.).,10.2307/2290358,https://doi.org/10.2307/2290358,1993,1993-06-01,Journal of the American Statistical Association,4955,No,closed,,https://openalex.org/W2035983506,Statistical Methods and Bayesian Inference,Statistics and Probability,article,2026-07-24T02:35:38+00:00
151,A Scaled Difference Chi-Square Test Statistic for Moment Structure Analysis,10.1007/bf02296192,https://doi.org/10.1007/bf02296192,2001,2001-12-01,Psychometrika,4948,No,closed,,https://openalex.org/W3021353408,Statistical Methods and Bayesian Inference,Statistics and Probability,article,2026-07-24T02:35:38+00:00
152,Propensity Score-Matching Methods for Nonexperimental Causal Studies,10.1162/003465302317331982,https://doi.org/10.1162/003465302317331982,2002,2002-02-01,The Review of Economics and Statistics,4934,No,closed,,https://openalex.org/W3123974754,Advanced Causal Inference Techniques,Statistics and Probability,article,2026-07-24T02:35:38+00:00
153,Practical Statistics for Medical Research.,10.2307/2290246,https://doi.org/10.2307/2290246,1992,1992-09-01,Journal of the American Statistical Association,4874,No,closed,,https://openalex.org/W4300110167,Advanced Statistical Methods and Models,Statistics and Probability,article,2026-07-24T02:35:38+00:00
154,Constructing a Control Group Using Multivariate Matched Sampling Methods That Incorporate the Propensity Score,10.2307/2683903,https://doi.org/10.2307/2683903,1985,1985-02-01,The American Statistician,4846,No,closed,,https://openalex.org/W2131850093,Advanced Causal Inference Techniques,Statistics and Probability,article,2026-07-24T02:35:38+00:00
155,Multivariate Data Analysis,10.1080/00401706.1989.10488578,https://doi.org/10.1080/00401706.1989.10488578,1989,1989-08-01,Technometrics,4835,No,closed,,https://openalex.org/W2895775694,Advanced Statistical Methods and Models,Statistics and Probability,article,2026-07-24T02:35:38+00:00
156,Statistical Inference in Instrumental Variables Regression with I(1) Processes,10.2307/2297545,https://doi.org/10.2307/2297545,1990,1990-01-01,The Review of Economic Studies,4824,No,closed,,https://openalex.org/W2025161033,Statistical Methods and Inference,Statistics and Probability,article,2026-07-24T02:35:38+00:00
157,MCMC Methods for Multi-Response Generalized Linear Mixed Models: The<b>MCMCglmm</b><i>R</i>Package,10.18637/jss.v033.i02,https://doi.org/10.18637/jss.v033.i02,2010,2010-01-01,Journal of Statistical Software,4813,Yes,diamond,https://doi.org/10.18637/jss.v033.i02,https://openalex.org/W2144673831,Statistical Methods and Bayesian Inference,Statistics and Probability,article,2026-07-24T02:35:38+00:00
158,The Foundations of Statistics.,10.2307/2343133,https://doi.org/10.2307/2343133,1955,1955-01-01,Journal of the Royal Statistical Society Series A (General),4754,No,closed,,https://openalex.org/W3015469787,Statistics Education and Methodologies,Statistics and Probability,article,2026-07-24T02:35:38+00:00
159,A sharper Bonferroni procedure for multiple tests of significance,10.1093/biomet/75.4.800,https://doi.org/10.1093/biomet/75.4.800,1988,1988-01-01,Biometrika,4752,No,closed,,https://openalex.org/W2115012618,Statistical Methods in Clinical Trials,Statistics and Probability,article,2026-07-24T02:35:38+00:00
160,The Danish Civil Registration System,10.1177/1403494810387965,https://doi.org/10.1177/1403494810387965,2011,2011-07-01,Scandinavian Journal of Public Health,4681,No,closed,,https://openalex.org/W2102420102,Census and Population Estimation,Statistics and Probability,article,2026-07-24T02:35:38+00:00
161,Two-Way Fixed Effects Estimators with Heterogeneous Treatment Effects,10.1257/aer.20181169,https://doi.org/10.1257/aer.20181169,2020,2020-09-01,American Economic Review,4680,Yes,green,https://arxiv.org/pdf/1803.08807,https://openalex.org/W2979586175,Advanced Causal Inference Techniques,Statistics and Probability,article,2026-07-24T02:35:38+00:00
162,Applied Linear Regression Models,10.1080/00401706.1997.10485142,https://doi.org/10.1080/00401706.1997.10485142,1997,1997-08-01,Technometrics,4670,No,closed,,https://openalex.org/W2796901959,Advanced Statistical Methods and Models,Statistics and Probability,article,2026-07-24T02:35:38+00:00
163,A Practitioner’s Guide to Cluster-Robust Inference,10.3368/jhr.50.2.317,https://doi.org/10.3368/jhr.50.2.317,2015,2015-01-01,The Journal of Human Resources,4613,No,closed,,https://openalex.org/W2118836230,Statistical Methods and Bayesian Inference,Statistics and Probability,article,2026-07-24T02:35:38+00:00
164,"Statistics, an Introductory Analysis.",10.2307/2282703,https://doi.org/10.2307/2282703,1965,1965-06-01,Journal of the American Statistical Association,4601,No,closed,,https://openalex.org/W2328831975,Statistics Education and Methodologies,Statistics and Probability,article,2026-07-24T02:35:38+00:00
165,Small Sample Inference for Fixed Effects from Restricted Maximum Likelihood,10.2307/2533558,https://doi.org/10.2307/2533558,1997,1997-09-01,Biometrics,4557,No,closed,,https://openalex.org/W1981747359,Statistical Methods and Bayesian Inference,Statistics and Probability,article,2026-07-24T02:35:38+00:00
166,Models for Longitudinal Data: A Generalized Estimating Equation Approach,10.2307/2531734,https://doi.org/10.2307/2531734,1988,1988-12-01,Biometrics,4546,No,closed,,https://openalex.org/W1976566530,Statistical Methods and Bayesian Inference,Statistics and Probability,article,2026-07-24T02:35:38+00:00
167,Model Selection and Akaike's Information Criterion (AIC): The General Theory and its Analytical Extensions,10.1007/bf02294361,https://doi.org/10.1007/bf02294361,1987,1987-09-01,Psychometrika,4541,No,closed,,https://openalex.org/W1981903823,Statistical Methods and Inference,Statistics and Probability,article,2026-07-24T02:35:38+00:00
168,Bias reduction of maximum likelihood estimates,10.1093/biomet/80.1.27,https://doi.org/10.1093/biomet/80.1.27,1993,1993-01-01,Biometrika,4528,No,closed,,https://openalex.org/W2078129874,Advanced Statistical Methods and Models,Statistics and Probability,article,2026-07-24T02:35:38+00:00
169,Probability theory the logic of science,10.1017/cbo9780511790423,https://doi.org/10.1017/cbo9780511790423,2003,2003-01-01,,4525,No,closed,,https://openalex.org/W1509562192,Statistics Education and Methodologies,Statistics and Probability,article,2026-07-24T02:35:38+00:00
170,A Statistical Method for Evaluating Systematic Relationships,10.5281/zenodo.16435756,https://doi.org/10.5281/zenodo.16435756,1958,1958-03-20,Biodiversity Heritage Library (Smithsonian Institution),4500,Yes,green,https://doi.org/10.5281/zenodo.16435756,https://openalex.org/W2229908198,Statistical Methods and Applications,Statistics and Probability,article,2026-07-24T02:35:38+00:00
171,ESTIMATING SITE OCCUPANCY RATES WHEN DETECTION PROBABILITIES ARE LESS THAN ONE,10.1890/0012-9658(2002)083[2248:esorwd]2.0.co;2,https://doi.org/10.1890/0012-9658(2002)083[2248:esorwd]2.0.co;2,2002,2002-08-01,Ecology,4442,No,closed,,https://openalex.org/W2116665868,Survey Sampling and Estimation Techniques,Statistics and Probability,article,2026-07-24T02:35:38+00:00
172,An Introduction to the Theory of Statistics,10.1038/087345a0,https://doi.org/10.1038/087345a0,1911,1911-09-14,Nature,4441,Yes,bronze,https://www.nature.com/articles/087345a0.pdf,https://openalex.org/W2801840425,Statistics Education and Methodologies,Statistics and Probability,article,2026-07-24T02:35:38+00:00
173,Cox's Regression Model for Counting Processes: A Large Sample Study,10.1214/aos/1176345976,https://doi.org/10.1214/aos/1176345976,1982,1982-12-01,The Annals of Statistics,4437,No,closed,,https://openalex.org/W1986705681,Statistical Distribution Estimation and Applications,Statistics and Probability,article,2026-07-24T02:35:38+00:00
174,Measures of multivariate skewness and kurtosis with applications,10.1093/biomet/57.3.519,https://doi.org/10.1093/biomet/57.3.519,1970,1970-01-01,Biometrika,4426,No,closed,,https://openalex.org/W2000031724,Advanced Statistical Methods and Models,Statistics and Probability,article,2026-07-24T02:35:38+00:00
175,Regression Models for Ordinal Data,10.1111/j.2517-6161.1980.tb01109.x,https://doi.org/10.1111/j.2517-6161.1980.tb01109.x,1980,1980-01-01,Journal of the Royal Statistical Society Series B (Statistical Methodology),4421,No,closed,,https://openalex.org/W214995755,Advanced Statistical Methods and Models,Statistics and Probability,article,2026-07-24T02:35:38+00:00
176,<b>MatchIt</b>: Nonparametric Preprocessing for Parametric Causal Inference,10.18637/jss.v042.i08,https://doi.org/10.18637/jss.v042.i08,2011,2011-01-01,Journal of Statistical Software,4416,Yes,diamond,https://doi.org/10.18637/jss.v042.i08,https://openalex.org/W2152849583,Advanced Causal Inference Techniques,Statistics and Probability,article,2026-07-24T02:35:38+00:00
177,Applied econometric time series,10.1016/0164-0704(95)80068-9,https://doi.org/10.1016/0164-0704(95)80068-9,1995,1995-01-01,Journal of Macroeconomics,4407,No,closed,,https://openalex.org/W2108122190,Markov Chains and Monte Carlo Methods,Statistics and Probability,article,2026-07-24T02:35:38+00:00
178,"Fact, Fiction, and Forecast.",10.2307/2103789,https://doi.org/10.2307/2103789,1955,1955-12-01,Philosophy and Phenomenological Research,4406,No,closed,,https://openalex.org/W1571895365,Statistics Education and Methodologies,Statistics and Probability,article,2026-07-24T02:35:38+00:00
179,Principles and Procedures of Statistics: A Biometrical Approach.,10.2307/2530180,https://doi.org/10.2307/2530180,1981,1981-12-01,Biometrics,4370,No,closed,,https://openalex.org/W2797801359,Statistics Education and Methodologies,Statistics and Probability,article,2026-07-24T02:35:38+00:00
180,Quantile Regression,10.1257/jep.15.4.143,https://doi.org/10.1257/jep.15.4.143,2001,2001-11-01,The Journal of Economic Perspectives,4370,No,closed,,https://openalex.org/W4241996101,Advanced Statistical Methods and Models,Statistics and Probability,article,2026-07-24T02:35:38+00:00
181,Moving towards best practice when using inverse probability of treatment weighting (IPTW) using the propensity score to estimate causal treatment effects in observational studies,10.1002/sim.6607,https://doi.org/10.1002/sim.6607,2015,2015-08-03,Statistics in Medicine,4366,Yes,hybrid,https://onlinelibrary.wiley.com/doi/pdfdirect/10.1002/sim.6607,https://openalex.org/W2110818436,Advanced Causal Inference Techniques,Statistics and Probability,article,2026-07-24T02:35:38+00:00
182,Matching as Nonparametric Preprocessing for Reducing Model Dependence in Parametric Causal Inference,10.1093/pan/mpl013,https://doi.org/10.1093/pan/mpl013,2007,2007-01-01,Political Analysis,4366,Yes,green,http://nrs.harvard.edu/urn-3:HUL.InstRepos:4214880,https://openalex.org/W2139577967,Advanced Causal Inference Techniques,Statistics and Probability,article,2026-07-24T02:35:38+00:00
183,THE LASSO METHOD FOR VARIABLE SELECTION IN THE COX MODEL,10.1002/(sici)1097-0258(19970228)16:4<385::aid-sim380>3.0.co;2-3,https://doi.org/10.1002/(sici)1097-0258(19970228)16:4<385::aid-sim380>3.0.co;2-3,1997,1997-02-28,Statistics in Medicine,4362,No,closed,,https://openalex.org/W2149199519,Statistical Methods and Inference,Statistics and Probability,article,2026-07-24T02:35:38+00:00
184,Note on the Sampling Error of the Difference Between Correlated Proportions or Percentages,10.1007/bf02295996,https://doi.org/10.1007/bf02295996,1947,1947-06-01,Psychometrika,4356,No,closed,,https://openalex.org/W2084413241,Advanced Statistical Methods and Models,Statistics and Probability,article,2026-07-24T02:35:38+00:00
185,STAMP: statistical analysis of taxonomic and functional profiles,10.1093/bioinformatics/btu494,https://doi.org/10.1093/bioinformatics/btu494,2014,2014-07-23,Bioinformatics,4345,Yes,bronze,https://academic.oup.com/bioinformatics/article-pdf/30/21/3123/48930947/bioinformatics_30_21_3123.pdf,https://openalex.org/W2153109441,Statistical Methods in Clinical Trials,Statistics and Probability,article,2026-07-24T02:35:38+00:00
186,Constructing a Control Group Using Multivariate Matched Sampling Methods That Incorporate the Propensity Score,10.1080/00031305.1985.10479383,https://doi.org/10.1080/00031305.1985.10479383,1985,1985-02-01,The American Statistician,4323,No,closed,,https://openalex.org/W4234712938,Advanced Causal Inference Techniques,Statistics and Probability,article,2026-07-24T02:35:38+00:00
187,"Efficient tests for normality, homoscedasticity and serial independence of regression residuals",10.1016/0165-1765(80)90024-5,https://doi.org/10.1016/0165-1765(80)90024-5,1980,1980-01-01,Economics Letters,4289,No,closed,,https://openalex.org/W2079615115,Advanced Statistical Methods and Models,Statistics and Probability,article,2026-07-24T02:35:38+00:00
188,Controlling the false discovery rate in behavior genetics research,10.1016/s0166-4328(01)00297-2,https://doi.org/10.1016/s0166-4328(01)00297-2,2001,2001-11-01,Behavioural Brain Research,4240,No,closed,,https://openalex.org/W2145025818,Statistical Methods in Clinical Trials,Statistics and Probability,article,2026-07-24T02:35:38+00:00
189,Identification of Causal Effects Using Instrumental Variables,10.1080/01621459.1996.10476902,https://doi.org/10.1080/01621459.1996.10476902,1996,1996-06-01,Journal of the American Statistical Association,4235,No,closed,,https://openalex.org/W3124658416,Advanced Causal Inference Techniques,Statistics and Probability,article,2026-07-24T02:35:38+00:00
190,Approximate Inference in Generalized Linear Mixed Models,10.1080/01621459.1993.10594284,https://doi.org/10.1080/01621459.1993.10594284,1993,1993-03-01,Journal of the American Statistical Association,4221,No,closed,,https://openalex.org/W2014581807,Statistical Methods and Bayesian Inference,Statistics and Probability,article,2026-07-24T02:35:38+00:00
191,Relaxing the Rule of Ten Events per Variable in Logistic and Cox Regression,10.1093/aje/kwk052,https://doi.org/10.1093/aje/kwk052,2006,2006-12-21,American Journal of Epidemiology,4206,No,closed,,https://openalex.org/W2130373985,Statistical Methods and Inference,Statistics and Probability,article,2026-07-24T02:35:38+00:00
192,Comparing Individual Means in the Analysis of Variance,10.2307/3001913,https://doi.org/10.2307/3001913,1949,1949-06-01,Biometrics,4169,No,closed,,https://openalex.org/W2318802957,Advanced Statistical Methods and Models,Statistics and Probability,article,2026-07-24T02:35:38+00:00
193,Alternatives for logistic regression in cross-sectional studies: an empirical comparison of models that directly estimate the prevalence ratio,10.1186/1471-2288-3-21,https://doi.org/10.1186/1471-2288-3-21,2003,2003-10-20,BMC Medical Research Methodology,4158,Yes,gold,https://bmcmedresmethodol.biomedcentral.com/track/pdf/10.1186/1471-2288-3-21,https://openalex.org/W2071808384,Statistical Methods and Bayesian Inference,Statistics and Probability,article,2026-07-24T02:35:38+00:00
194,Prior distributions for variance parameters in hierarchical models (comment on article by Browne and Draper),10.1214/06-ba117a,https://doi.org/10.1214/06-ba117a,2006,2006-09-01,Bayesian Analysis,4142,Yes,diamond,https://projecteuclid.org/journals/bayesian-analysis/volume-1/issue-3/Prior-distributions-for-variance-parameters-in-hierarchical-models-comment-on/10.1214/06-BA117A.pdf,https://openalex.org/W1536497620,Statistical Distribution Estimation and Applications,Statistics and Probability,article,2026-07-24T02:35:38+00:00
195,What's the Relative Risk?,10.1001/jama.280.19.1690,https://doi.org/10.1001/jama.280.19.1690,1998,1998-11-18,JAMA,4141,No,closed,,https://openalex.org/W1992332433,Statistical Methods in Epidemiology,Statistics and Probability,article,2026-07-24T02:35:38+00:00
196,Maximum Likelihood Estimation of Misspecified Models,10.2307/1912526,https://doi.org/10.2307/1912526,1982,1982-01-01,Econometrica,4122,No,closed,,https://openalex.org/W4246784033,Statistical Methods and Inference,Statistics and Probability,article,2026-07-24T02:35:38+00:00
197,Multivariate Data Analysis,10.2307/1266874,https://doi.org/10.2307/1266874,1973,1973-08-01,Technometrics,4121,No,closed,,https://openalex.org/W4229942792,Advanced Statistical Methods and Models,Statistics and Probability,article,2026-07-24T02:35:38+00:00
198,THE GENERALIZATION OF ‘STUDENT'S’ PROBLEM WHEN SEVERAL DIFFERENT POPULATION VARLANCES ARE INVOLVED,10.1093/biomet/34.1-2.28,https://doi.org/10.1093/biomet/34.1-2.28,1947,1947-01-01,Biometrika,4120,No,closed,,https://openalex.org/W2062989416,Advanced Causal Inference Techniques,Statistics and Probability,article,2026-07-24T02:35:38+00:00
199,SPSS and SAS programs for determining the number of components using parallel analysis and Velicer’s MAP test,10.3758/bf03200807,https://doi.org/10.3758/bf03200807,2000,2000-09-01,"Behavior Research Methods, Instruments, & Computers",4107,Yes,bronze,https://link.springer.com/content/pdf/10.3758/BF03200807.pdf,https://openalex.org/W2124563089,Statistical Methods and Applications,Statistics and Probability,article,2026-07-24T02:35:38+00:00
200,"Detecting outliers: Do not use standard deviation around the mean, use absolute deviation around the median",10.1016/j.jesp.2013.03.013,https://doi.org/10.1016/j.jesp.2013.03.013,2013,2013-03-27,Journal of Experimental Social Psychology,4094,Yes,bronze,https://www.sciencedirect.com/science/article/pii/S0022103113000668,https://openalex.org/W2040975718,Advanced Statistical Methods and Models,Statistics and Probability,article,2026-07-24T02:35:38+00:00
201,"Equivalence of the Mediation, Confounding and Suppression Effect",10.1023/a:1026595011371,https://doi.org/10.1023/a:1026595011371,2000,2000-12-01,Prevention Science,4084,Yes,green,,https://openalex.org/W1715619412,Advanced Causal Inference Techniques,Statistics and Probability,article,2026-07-24T02:35:38+00:00
202,Identification of Causal Effects Using Instrumental Variables,10.2307/2291629,https://doi.org/10.2307/2291629,1996,1996-06-01,Journal of the American Statistical Association,4078,Yes,green,http://www.nber.org/papers/t0136.pdf,https://openalex.org/W2138290169,Advanced Causal Inference Techniques,Statistics and Probability,article,2026-07-24T02:35:38+00:00
203,Unbiased Recursive Partitioning: A Conditional Inference Framework,10.1198/106186006x133933,https://doi.org/10.1198/106186006x133933,2006,2006-09-01,Journal of Computational and Graphical Statistics,4073,Yes,green,https://zotero.org/groups/5435545/items/LPQCXVCI,https://openalex.org/W2123998733,Advanced Statistical Methods and Models,Statistics and Probability,article,2026-07-24T02:35:38+00:00
204,"Measurement, Design, and Analysis: An Integrated Approach.",10.2307/2290248,https://doi.org/10.2307/2290248,1992,1992-09-01,Journal of the American Statistical Association,4072,No,closed,,https://openalex.org/W1979349344,Statistics Education and Methodologies,Statistics and Probability,article,2026-07-24T02:35:38+00:00
205,Statistical Methods in Medical Research.,10.2307/2556182,https://doi.org/10.2307/2556182,1972,1972-06-01,Biometrics,4072,No,closed,,https://openalex.org/W4298407707,Statistical Methods and Inference,Statistics and Probability,article,2026-07-24T02:35:38+00:00
206,On the mathematical foundations of theoretical statistics,10.1098/rsta.1922.0009,https://doi.org/10.1098/rsta.1922.0009,1922,1922-01-01,Philosophical Transactions of the Royal Society of London Series A Containing Papers of a Mathematical or Physical Character,4038,Yes,diamond,https://doi.org/10.1098/rsta.1922.0009,https://openalex.org/W2084840427,Statistics Education and Methodologies,Statistics and Probability,article,2026-07-24T02:35:38+00:00
207,Bootstrap-Based Improvements for Inference with Clustered Errors,10.1162/rest.90.3.414,https://doi.org/10.1162/rest.90.3.414,2008,2008-07-22,The Review of Economics and Statistics,4037,No,closed,,https://openalex.org/W3122178585,Statistical Methods and Inference,Statistics and Probability,article,2026-07-24T02:35:38+00:00
208,A new method for non-parametric multivariate analysis of variance,10.1046/j.1442-9993.2001.01070.x,https://doi.org/10.1046/j.1442-9993.2001.01070.x,2001,2001-02-01,Austral Ecology,4035,No,closed,,https://openalex.org/W4242702784,Statistical Methods and Applications,Statistics and Probability,article,2026-07-24T02:35:38+00:00
209,Nearly unbiased variable selection under minimax concave penalty,10.1214/09-aos729,https://doi.org/10.1214/09-aos729,2010,2010-02-19,The Annals of Statistics,3999,Yes,bronze,https://projecteuclid.org/journals/annals-of-statistics/volume-38/issue-2/Nearly-unbiased-variable-selection-under-minimax-concave-penalty/10.1214/09-AOS729.pdf,https://openalex.org/W1965125844,Statistical Methods and Inference,Statistics and Probability,article,2026-07-24T02:35:38+00:00
210,<b>mediation</b>:<i>R</i>Package for Causal Mediation Analysis,10.18637/jss.v059.i05,https://doi.org/10.18637/jss.v059.i05,2014,2014-01-01,Journal of Statistical Software,3996,Yes,diamond,https://doi.org/10.18637/jss.v059.i05,https://openalex.org/W1908991493,Advanced Causal Inference Techniques,Statistics and Probability,article,2026-07-24T02:35:38+00:00
211,"Zero-Inflated Poisson Regression, with an Application to Defects in Manufacturing",10.2307/1269547,https://doi.org/10.2307/1269547,1992,1992-02-01,Technometrics,3992,No,closed,,https://openalex.org/W2119634512,Statistical Methods and Bayesian Inference,Statistics and Probability,article,2026-07-24T02:35:38+00:00
212,LAG Length Selection and the Construction of Unit Root Tests with Good Size and Power,10.1111/1468-0262.00256,https://doi.org/10.1111/1468-0262.00256,2001,2001-11-01,Econometrica,3979,No,closed,,https://openalex.org/W2169107902,Statistical Methods and Inference,Statistics and Probability,article,2026-07-24T02:35:38+00:00
213,Purposeful selection of variables in logistic regression,10.1186/1751-0473-3-17,https://doi.org/10.1186/1751-0473-3-17,2008,2008-12-01,Source Code for Biology and Medicine,3972,Yes,hybrid,https://scfbm.biomedcentral.com/counter/pdf/10.1186/1751-0473-3-17,https://openalex.org/W2134732827,Statistical Methods and Bayesian Inference,Statistics and Probability,article,2026-07-24T02:35:38+00:00
214,Principles and procedures of statistics: A biometrical approach,10.1016/0020-7101(81)90057-x,https://doi.org/10.1016/0020-7101(81)90057-x,1981,1981-09-01,International Journal of Bio-Medical Computing,3946,No,closed,,https://openalex.org/W2577069723,Statistics Education and Methodologies,Statistics and Probability,article,2026-07-24T02:35:38+00:00
215,A general approach to causal mediation analysis.,10.1037/a0020761,https://doi.org/10.1037/a0020761,2010,2010-01-01,Psychological Methods,3943,Yes,green,http://nrs.harvard.edu/urn-3:HUL.InstRepos:38057811,https://openalex.org/W2010143351,Advanced Causal Inference Techniques,Statistics and Probability,article,2026-07-24T02:35:38+00:00
216,Optimal caliper widths for propensity‐score matching when estimating differences in means and differences in proportions in observational studies,10.1002/pst.433,https://doi.org/10.1002/pst.433,2010,2010-04-28,Pharmaceutical Statistics,3941,Yes,bronze,https://onlinelibrary.wiley.com/doi/pdfdirect/10.1002/pst.433,https://openalex.org/W2111635289,Advanced Causal Inference Techniques,Statistics and Probability,article,2026-07-24T02:35:38+00:00
217,Introduction to Multivariate Statistical Analysis.,10.2307/2308777,https://doi.org/10.2307/2308777,1959,1959-05-01,American Mathematical Monthly,3928,No,closed,,https://openalex.org/W2324309783,Advanced Statistical Methods and Models,Statistics and Probability,article,2026-07-24T02:35:38+00:00
218,The Probable Error of a Mean,10.2307/2331554,https://doi.org/10.2307/2331554,1908,1908-03-01,Biometrika,3918,No,closed,,https://openalex.org/W2074466695,Statistics Education and Methodologies,Statistics and Probability,article,2026-07-24T02:35:38+00:00
219,Bayesian Inference in Statistical Analysis.,10.2307/2285412,https://doi.org/10.2307/2285412,1975,1975-03-01,Journal of the American Statistical Association,3887,No,closed,,https://openalex.org/W2156273867,Advanced Statistical Methods and Models,Statistics and Probability,article,2026-07-24T02:35:38+00:00
220,The Use of Ranks to Avoid the Assumption of Normality Implicit in the Analysis of Variance,10.2307/2279372,https://doi.org/10.2307/2279372,1937,1937-12-01,Journal of the American Statistical Association,3866,No,closed,,https://openalex.org/W1974758710,Advanced Statistical Methods and Models,Statistics and Probability,article,2026-07-24T02:35:38+00:00
221,Statistical notes for clinical researchers: assessing normal distribution (2) using skewness and kurtosis,10.5395/rde.2013.38.1.52,https://doi.org/10.5395/rde.2013.38.1.52,2013,2013-01-01,Restorative Dentistry & Endodontics,3851,Yes,diamond,https://doi.org/10.5395/rde.2013.38.1.52,https://openalex.org/W2122463941,Statistical Methods in Clinical Trials,Statistics and Probability,article,2026-07-24T02:35:38+00:00
222,Permutation inference for the general linear model,10.1016/j.neuroimage.2014.01.060,https://doi.org/10.1016/j.neuroimage.2014.01.060,2014,2014-02-11,NeuroImage,3840,Yes,hybrid,https://doi.org/10.1016/j.neuroimage.2014.01.060,https://openalex.org/W2126693856,Statistical Methods and Inference,Statistics and Probability,article,2026-07-24T02:35:38+00:00
223,Matching As An Econometric Evaluation Estimator,10.1111/1467-937x.00044,https://doi.org/10.1111/1467-937x.00044,1998,1998-04-01,The Review of Economic Studies,3831,No,closed,,https://openalex.org/W2080061756,Statistical Methods and Inference,Statistics and Probability,article,2026-07-24T02:35:38+00:00
224,An Index and Test of Linear Moderated Mediation,10.1080/00273171.2014.962683,https://doi.org/10.1080/00273171.2014.962683,2015,2015-01-02,Multivariate Behavioral Research,3816,No,closed,,https://openalex.org/W1976441470,Advanced Causal Inference Techniques,Statistics and Probability,article,2026-07-24T02:35:38+00:00
225,Writing on dirty paper (Corresp.),10.1109/tit.1983.1056659,https://doi.org/10.1109/tit.1983.1056659,1983,1983-05-01,IEEE Transactions on Information Theory,3814,No,closed,,https://openalex.org/W1976109068,Random Matrices and Applications,Statistics and Probability,article,2026-07-24T02:35:38+00:00
226,Robust Statistics: The Approach Based on Influence Functions,10.2307/1269782,https://doi.org/10.2307/1269782,1987,1987-05-01,Technometrics,3804,No,closed,,https://openalex.org/W2012712694,Advanced Statistical Methods and Models,Statistics and Probability,article,2026-07-24T02:35:38+00:00
227,Applied Regression Analysis,10.2307/1270576,https://doi.org/10.2307/1270576,1999,1999-08-01,Technometrics,3799,No,closed,,https://openalex.org/W4300025484,Advanced Statistical Methods and Models,Statistics and Probability,article,2026-07-24T02:35:38+00:00
228,How Many Subjects Does It Take To Do A Regression Analysis,10.1207/s15327906mbr2603_7,https://doi.org/10.1207/s15327906mbr2603_7,1991,1991-07-01,Multivariate Behavioral Research,3793,No,closed,,https://openalex.org/W2075072883,Advanced Statistical Methods and Models,Statistics and Probability,article,2026-07-24T02:35:38+00:00
229,Regression discontinuity designs: A guide to practice,10.1016/j.jeconom.2007.05.001,https://doi.org/10.1016/j.jeconom.2007.05.001,2007,2007-05-25,Journal of Econometrics,3789,No,closed,,https://openalex.org/W3122958054,Advanced Causal Inference Techniques,Statistics and Probability,article,2026-07-24T02:35:38+00:00
230,The Calculation of Posterior Distributions by Data Augmentation,10.1080/01621459.1987.10478458,https://doi.org/10.1080/01621459.1987.10478458,1987,1987-06-01,Journal of the American Statistical Association,3786,No,closed,,https://openalex.org/W2152977846,Statistical Methods and Bayesian Inference,Statistics and Probability,article,2026-07-24T02:35:38+00:00
231,Generalized Cross-Validation as a Method for Choosing a Good Ridge Parameter,10.1080/00401706.1979.10489751,https://doi.org/10.1080/00401706.1979.10489751,1979,1979-05-01,Technometrics,3781,No,closed,,https://openalex.org/W1990381576,Advanced Statistical Methods and Models,Statistics and Probability,article,2026-07-24T02:35:38+00:00
232,Density Estimation for Statistics and Data Analysis,10.2307/1269475,https://doi.org/10.2307/1269475,1987,1987-11-01,Technometrics,3781,No,closed,,https://openalex.org/W4248721357,Statistical Methods and Inference,Statistics and Probability,article,2026-07-24T02:35:38+00:00
233,"Probable Inference, the Law of Succession, and Statistical Inference",10.1080/01621459.1927.10502953,https://doi.org/10.1080/01621459.1927.10502953,1927,1927-06-01,Journal of the American Statistical Association,3778,No,closed,,https://openalex.org/W2020018978,Statistics Education and Methodologies,Statistics and Probability,article,2026-07-24T02:35:38+00:00
234,Probabilistic neural networks,10.1016/0893-6080(90)90049-q,https://doi.org/10.1016/0893-6080(90)90049-q,1990,1990-01-01,Neural Networks,3772,No,closed,,https://openalex.org/W1964168965,Advanced Statistical Methods and Models,Statistics and Probability,article,2026-07-24T02:35:38+00:00
235,Maximum Likelihood Estimation of Misspecified Models,10.2307/1912004,https://doi.org/10.2307/1912004,1983,1983-03-01,Econometrica,3759,No,closed,,https://openalex.org/W2017137572,Advanced Statistical Methods and Models,Statistics and Probability,article,2026-07-24T02:35:38+00:00
236,Biometry: The Principles and Practice of Statistics in Biological Research (2nd ed.).,10.2307/2287349,https://doi.org/10.2307/2287349,1982,1982-12-01,Journal of the American Statistical Association,3743,No,closed,,https://openalex.org/W2608799023,Statistical Methods and Applications,Statistics and Probability,article,2026-07-24T02:35:38+00:00
237,Procedures for Detecting Outlying Observations in Samples,10.1080/00401706.1969.10490657,https://doi.org/10.1080/00401706.1969.10490657,1969,1969-02-01,Technometrics,3739,No,closed,,https://openalex.org/W1978239142,Advanced Statistical Methods and Models,Statistics and Probability,article,2026-07-24T02:35:38+00:00
238,Understanding the Metropolis-Hastings Algorithm,10.1080/00031305.1995.10476177,https://doi.org/10.1080/00031305.1995.10476177,1995,1995-11-01,The American Statistician,3724,No,closed,,https://openalex.org/W2108207895,Markov Chains and Monte Carlo Methods,Statistics and Probability,article,2026-07-24T02:35:38+00:00
239,The American Statistician,10.1080/00031305.1947.10501534,https://doi.org/10.1080/00031305.1947.10501534,1947,1947-08-01,The American Statistician,3720,No,closed,,https://openalex.org/W4237961478,Statistics Education and Methodologies,Statistics and Probability,article,2026-07-24T02:35:38+00:00
240,Classical and Modern Regression With Applications.,10.2307/2288958,https://doi.org/10.2307/2288958,1988,1988-03-01,Journal of the American Statistical Association,3719,No,closed,,https://openalex.org/W2898519191,Advanced Statistical Methods and Models,Statistics and Probability,article,2026-07-24T02:35:38+00:00
241,Causal Diagrams for Epidemiologic Research,10.1097/00001648-199901000-00008,https://doi.org/10.1097/00001648-199901000-00008,1999,1999-01-01,Epidemiology,3719,No,closed,,https://openalex.org/W4294553991,Advanced Causal Inference Techniques,Statistics and Probability,article,2026-07-24T02:35:38+00:00
242,Flexible smoothing with B-splines and penalties,10.1214/ss/1038425655,https://doi.org/10.1214/ss/1038425655,1996,1996-05-01,Statistical Science,3702,Yes,bronze,https://projecteuclid.org/journals/statistical-science/volume-11/issue-2/Flexible-smoothing-with-B-splines-and-penalties/10.1214/ss/1038425655.pdf,https://openalex.org/W1990420052,Advanced Statistical Methods and Models,Statistics and Probability,article,2026-07-24T02:35:38+00:00
243,Regression Shrinkage and Selection via The Lasso: A Retrospective,10.1111/j.1467-9868.2011.00771.x,https://doi.org/10.1111/j.1467-9868.2011.00771.x,2011,2011-04-20,Journal of the Royal Statistical Society Series B (Statistical Methodology),3685,No,closed,,https://openalex.org/W2119862467,Statistical Methods and Inference,Statistics and Probability,article,2026-07-24T02:35:38+00:00
244,Multiple imputation: a primer,10.1177/096228029900800102,https://doi.org/10.1177/096228029900800102,1999,1999-02-01,Statistical Methods in Medical Research,3674,No,closed,,https://openalex.org/W2127841934,Statistical Methods and Bayesian Inference,Statistics and Probability,article,2026-07-24T02:35:38+00:00
245,Optimal two-stage designs for phase II clinical trials,10.1016/0197-2456(89)90015-9,https://doi.org/10.1016/0197-2456(89)90015-9,1989,1989-03-01,Controlled Clinical Trials,3655,No,closed,,https://openalex.org/W2029409133,Statistical Methods in Clinical Trials,Statistics and Probability,article,2026-07-24T02:35:38+00:00
246,Applied Logistic Regression Analysis,10.1080/00401706.1996.10484485,https://doi.org/10.1080/00401706.1996.10484485,1996,1996-05-01,Technometrics,3648,No,closed,,https://openalex.org/W1986760411,Advanced Statistical Methods and Models,Statistics and Probability,article,2026-07-24T02:35:38+00:00
247,A Measure of Asymptotic Efficiency for Tests of a Hypothesis Based on the sum of Observations,10.1214/aoms/1177729330,https://doi.org/10.1214/aoms/1177729330,1952,1952-12-01,The Annals of Mathematical Statistics,3626,Yes,bronze,https://projecteuclid.org/journals/annals-of-mathematical-statistics/volume-23/issue-4/A-Measure-of-Asymptotic-Efficiency-for-Tests-of-a-Hypothesis/10.1214/aoms/1177729330.pdf,https://openalex.org/W2042587503,Statistical Methods and Inference,Statistics and Probability,article,2026-07-24T02:35:38+00:00
248,Statistical Method in Biological Assay.,10.2307/2982559,https://doi.org/10.2307/2982559,1979,1979-01-01,Journal of the Royal Statistical Society Series A (General),3617,No,closed,,https://openalex.org/W1991536033,Statistical Methods in Clinical Trials,Statistics and Probability,article,2026-07-24T02:35:38+00:00
249,Rank Transformations as a Bridge between Parametric and Nonparametric Statistics,10.1080/00031305.1981.10479327,https://doi.org/10.1080/00031305.1981.10479327,1981,1981-08-01,The American Statistician,3596,No,closed,,https://openalex.org/W1983439863,Advanced Statistical Methods and Models,Statistics and Probability,article,2026-07-24T02:35:38+00:00
250,Survival Analysis Techniques for Censored and Truncated Data,10.2307/1270658,https://doi.org/10.2307/1270658,1998,1998-05-01,Technometrics,3590,No,closed,,https://openalex.org/W2160842550,Statistical Distribution Estimation and Applications,Statistics and Probability,article,2026-07-24T02:35:38+00:00
251,Least Median of Squares Regression,10.1080/01621459.1984.10477105,https://doi.org/10.1080/01621459.1984.10477105,1984,1984-12-01,Journal of the American Statistical Association,3578,No,closed,,https://openalex.org/W2152701363,Advanced Statistical Methods and Models,Statistics and Probability,article,2026-07-24T02:35:38+00:00
252,Causal Inference without Balance Checking: Coarsened Exact Matching,10.1093/pan/mpr013,https://doi.org/10.1093/pan/mpr013,2011,2011-08-25,Political Analysis,3567,Yes,bronze,https://www.cambridge.org/core/services/aop-cambridge-core/content/view/5ABCF5B3FC3089A87FD59CECBB3465C0/S1047198700012985a.pdf/div-class-title-causal-inference-without-balance-checking-coarsened-exact-matching-div.pdf,https://openalex.org/W2029941278,Advanced Causal Inference Techniques,Statistics and Probability,article,2026-07-24T02:35:38+00:00
253,Multiple imputation by chained equations: what is it and how does it work?,10.1002/mpr.329,https://doi.org/10.1002/mpr.329,2011,2011-02-24,International Journal of Methods in Psychiatric Research,3540,Yes,green,https://www.ncbi.nlm.nih.gov/pmc/articles/3074241,https://openalex.org/W1919216911,Statistical Methods and Bayesian Inference,Statistics and Probability,article,2026-07-24T02:35:38+00:00
254,Interval Estimation for a Binomial Proportion,10.1214/ss/1009213286,https://doi.org/10.1214/ss/1009213286,2001,2001-05-01,Statistical Science,3530,Yes,bronze,https://projecteuclid.org/journals/statistical-science/volume-16/issue-2/Interval-Estimation-for-a-Binomial-Proportion/10.1214/ss/1009213286.pdf,https://openalex.org/W2106578604,Statistical Distribution Estimation and Applications,Statistics and Probability,article,2026-07-24T02:35:38+00:00
255,The Central Role of the Propensity Score in Observational Studies for Causal Effects,10.2307/2335942,https://doi.org/10.2307/2335942,1983,1983-04-01,Biometrika,3509,No,closed,,https://openalex.org/W4233216783,Advanced Causal Inference Techniques,Statistics and Probability,article,2026-07-24T02:35:38+00:00
256,Markov Chains for Exploring Posterior Distributions,10.1214/aos/1176325750,https://doi.org/10.1214/aos/1176325750,1994,1994-12-01,The Annals of Statistics,3506,Yes,bronze,https://projecteuclid.org/journals/annals-of-statistics/volume-22/issue-4/Markov-Chains-for-Exploring-Posterior-Distributions/10.1214/aos/1176325750.pdf,https://openalex.org/W2136796925,Markov Chains and Monte Carlo Methods,Statistics and Probability,article,2026-07-24T02:35:38+00:00
257,Multivariate Models and Dependence Concepts.,10.2307/2533875,https://doi.org/10.2307/2533875,1998,1998-09-01,Biometrics,3489,No,closed,,https://openalex.org/W2798180542,Statistical Methods and Bayesian Inference,Statistics and Probability,article,2026-07-24T02:35:38+00:00
258,The Large-Sample Distribution of the Likelihood Ratio for Testing Composite Hypotheses,10.1214/aoms/1177732360,https://doi.org/10.1214/aoms/1177732360,1938,1938-03-01,The Annals of Mathematical Statistics,3487,Yes,bronze,https://projecteuclid.org/journals/annals-of-mathematical-statistics/volume-9/issue-1/The-Large-Sample-Distribution-of-the-Likelihood-Ratio-for-Testing/10.1214/aoms/1177732360.pdf,https://openalex.org/W2019841176,Advanced Statistical Methods and Models,Statistics and Probability,article,2026-07-24T02:35:38+00:00
259,Fundamental Statistics in Psychology and Education.,10.2307/2980908,https://doi.org/10.2307/2980908,1951,1951-01-01,Journal of the Royal Statistical Society Series A (General),3487,No,closed,,https://openalex.org/W2093349432,Statistics Education and Methodologies,Statistics and Probability,article,2026-07-24T02:35:38+00:00
260,Estimation of Average Concentration in the Presence of Nondetectable Values,10.1080/1047322x.1990.10389587,https://doi.org/10.1080/1047322x.1990.10389587,1990,1990-01-01,Applied Occupational and Environmental Hygiene,3462,No,closed,,https://openalex.org/W2016709601,Advanced Statistical Methods and Models,Statistics and Probability,article,2026-07-24T02:35:38+00:00
261,Journal of the Royal Statistical Society (B),10.1016/0169-2070(93)90088-5,https://doi.org/10.1016/0169-2070(93)90088-5,1993,1993-12-01,International Journal of Forecasting,3457,No,closed,,https://openalex.org/W1544729927,Statistical Methods and Bayesian Inference,Statistics and Probability,article,2026-07-24T02:35:38+00:00
262,Sufficient Sample Sizes for Multilevel Modeling,10.1027/1614-2241.1.3.86,https://doi.org/10.1027/1614-2241.1.3.86,2005,2005-01-01,Methodology,3454,No,closed,,https://openalex.org/W2112146495,Statistical Methods and Bayesian Inference,Statistics and Probability,article,2026-07-24T02:35:38+00:00
263,Generalized Additive Models,10.1214/ss/1177013604,https://doi.org/10.1214/ss/1177013604,1986,1986-08-01,Statistical Science,3440,No,closed,,https://openalex.org/W2166163519,Advanced Statistical Methods and Models,Statistics and Probability,article,2026-07-24T02:35:38+00:00
264,Auxiliary Variables in Mixture Modeling: Three-Step Approaches Using M<i>plus</i>,10.1080/10705511.2014.915181,https://doi.org/10.1080/10705511.2014.915181,2014,2014-06-09,Structural Equation Modeling A Multidisciplinary Journal,3411,No,closed,,https://openalex.org/W2147200107,Statistical Methods and Bayesian Inference,Statistics and Probability,article,2026-07-24T02:35:38+00:00
265,Non-Parametric Statistics for the Behavioral Sciences.,10.2307/2551606,https://doi.org/10.2307/2551606,1957,1957-05-01,Economica,3406,No,closed,,https://openalex.org/W2002617716,Statistics Education and Methodologies,Statistics and Probability,article,2026-07-24T02:35:38+00:00
266,Aspects of Multivariate Statistical Theory,10.2307/1268117,https://doi.org/10.2307/1268117,1984,1984-05-01,Technometrics,3390,No,closed,,https://openalex.org/W2120350343,Advanced Statistical Methods and Models,Statistics and Probability,article,2026-07-24T02:35:38+00:00
267,Nonparametrics: Statistical Methods Based on Ranks,10.2307/1268531,https://doi.org/10.2307/1268531,1979,1979-05-01,Technometrics,3373,No,closed,,https://openalex.org/W2797177778,Statistical Methods and Inference,Statistics and Probability,article,2026-07-24T02:35:38+00:00
268,An Introduction to Probability Theory.,10.2307/2288022,https://doi.org/10.2307/2288022,1986,1986-03-01,Journal of the American Statistical Association,3372,No,closed,,https://openalex.org/W2064975723,Statistics Education and Methodologies,Statistics and Probability,article,2026-07-24T02:35:38+00:00
269,A Multiple Testing Procedure for Clinical Trials,10.2307/2530245,https://doi.org/10.2307/2530245,1979,1979-09-01,Biometrics,3362,No,closed,,https://openalex.org/W2059707463,Statistical Methods in Clinical Trials,Statistics and Probability,article,2026-07-24T02:35:38+00:00
270,On the practice of dichotomization of quantitative variables.,10.1037/1082-989x.7.1.19,https://doi.org/10.1037/1082-989x.7.1.19,2002,2002-01-01,Psychological Methods,3362,Yes,green,https://kuscholarworks.ku.edu/bitstreams/1f9e5327-a52d-43c1-924c-4e812586162d/download,https://openalex.org/W2108096958,Advanced Statistical Methods and Models,Statistics and Probability,article,2026-07-24T02:35:38+00:00
271,Adaptive linear step-up procedures that control the false discovery rate,10.1093/biomet/93.3.491,https://doi.org/10.1093/biomet/93.3.491,2006,2006-09-01,Biometrika,3358,No,closed,,https://openalex.org/W1980361506,Statistical Methods in Clinical Trials,Statistics and Probability,article,2026-07-24T02:35:38+00:00
272,CONISS: a FORTRAN 77 program for stratigraphically constrained cluster analysis by the method of incremental sum of squares,10.1016/0098-3004(87)90022-7,https://doi.org/10.1016/0098-3004(87)90022-7,1987,1987-01-01,Computers & Geosciences,3355,No,closed,,https://openalex.org/W2141459972,Statistical Methods and Applications,Statistics and Probability,article,2026-07-24T02:35:38+00:00
273,A generalized Wilcoxon test for comparing arbitrarily singly-censored samples,10.1093/biomet/52.1-2.203,https://doi.org/10.1093/biomet/52.1-2.203,1965,1965-06-01,Biometrika,3353,No,closed,,https://openalex.org/W2143594378,Statistical Distribution Estimation and Applications,Statistics and Probability,article,2026-07-24T02:35:38+00:00
274,Better Bootstrap Confidence Intervals,10.1080/01621459.1987.10478410,https://doi.org/10.1080/01621459.1987.10478410,1987,1987-03-01,Journal of the American Statistical Association,3347,No,closed,,https://openalex.org/W2126728600,Statistical Methods and Inference,Statistics and Probability,article,2026-07-24T02:35:38+00:00
275,Applied Regression Analysis,10.2307/1266329,https://doi.org/10.2307/1266329,1967,1967-02-01,Technometrics,3329,No,closed,,https://openalex.org/W4301041382,Advanced Statistical Methods and Models,Statistics and Probability,article,2026-07-24T02:35:38+00:00
276,A survey of cross-validation procedures for model selection,10.1214/09-ss054,https://doi.org/10.1214/09-ss054,2010,2010-01-01,Statistics Surveys,3309,Yes,diamond,https://projecteuclid.org/journals/statistics-surveys/volume-4/issue-none/A-survey-of-cross-validation-procedures-for-model-selection/10.1214/09-SS054.pdf,https://openalex.org/W1981552604,Statistical Methods and Inference,Statistics and Probability,article,2026-07-24T02:35:38+00:00
277,An Introduction to Multivariate Statistical Analysis.,10.2307/2981950,https://doi.org/10.2307/2981950,1985,1985-01-01,Journal of the Royal Statistical Society Series A (General),3285,No,closed,,https://openalex.org/W4230727635,Advanced Statistical Methods and Models,Statistics and Probability,article,2026-07-24T02:35:38+00:00
278,Making the Most of Statistical Analyses: Improving Interpretation and Presentation,10.2307/2669316,https://doi.org/10.2307/2669316,2000,2000-04-01,American Journal of Political Science,3277,No,closed,,https://openalex.org/W3125554979,Statistics Education and Methodologies,Statistics and Probability,article,2026-07-24T02:35:38+00:00
279,Probability: Theory and Examples.,10.2307/2290301,https://doi.org/10.2307/2290301,1992,1992-06-01,Journal of the American Statistical Association,3272,No,closed,,https://openalex.org/W2169071224,Probability and Statistical Research,Statistics and Probability,article,2026-07-24T02:35:38+00:00
280,Journal of the Royal Statistical Society.,10.1093/ej/33.130.269,https://doi.org/10.1093/ej/33.130.269,1923,1923-06-01,The Economic Journal,3267,No,closed,,https://openalex.org/W4229926969,Census and Population Estimation,Statistics and Probability,article,2026-07-24T02:35:38+00:00
281,On the Kolmogorov-Smirnov Test for Normality with Mean and Variance Unknown,10.2307/2283970,https://doi.org/10.2307/2283970,1967,1967-06-01,Journal of the American Statistical Association,3265,No,closed,,https://openalex.org/W1990701202,Advanced Statistical Methods and Models,Statistics and Probability,article,2026-07-24T02:35:38+00:00
282,"Generalized Additive Models for Location, Scale and Shape",10.1111/j.1467-9876.2005.00510.x,https://doi.org/10.1111/j.1467-9876.2005.00510.x,2005,2005-04-14,Journal of the Royal Statistical Society Series C (Applied Statistics),3255,Yes,bronze,https://academic.oup.com/jrsssc/article-pdf/54/3/507/50016951/jrsssc_54_3_507.pdf,https://openalex.org/W2154065358,Advanced Statistical Methods and Models,Statistics and Probability,article,2026-07-24T02:35:38+00:00
283,Reducing Bias in Observational Studies Using Subclassification on the Propensity Score,10.2307/2288398,https://doi.org/10.2307/2288398,1984,1984-09-01,Journal of the American Statistical Association,3249,Yes,green,http://nrs.harvard.edu/urn-3:HUL.InstRepos:3630272,https://openalex.org/W1989377468,Advanced Causal Inference Techniques,Statistics and Probability,article,2026-07-24T02:35:38+00:00
284,Combining Pattern Classifiers: Methods and Algorithms,10.1198/tech.2005.s320,https://doi.org/10.1198/tech.2005.s320,2005,2005-11-01,Technometrics,3237,No,closed,,https://openalex.org/W2124868070,Advanced Statistical Methods and Models,Statistics and Probability,article,2026-07-24T02:35:38+00:00
285,Approximate is Better than “Exact” for Interval Estimation of Binomial Proportions,10.1080/00031305.1998.10480550,https://doi.org/10.1080/00031305.1998.10480550,1998,1998-05-01,The American Statistician,3237,No,closed,,https://openalex.org/W2162445884,Statistics Education and Methodologies,Statistics and Probability,article,2026-07-24T02:35:38+00:00
286,Statistical difficulties of detecting interactions and moderator effects.,10.1037/0033-2909.114.2.376,https://doi.org/10.1037/0033-2909.114.2.376,1993,1993-01-01,Psychological Bulletin,3192,No,closed,,https://openalex.org/W2029079171,Advanced Statistical Methods and Models,Statistics and Probability,article,2026-07-24T02:35:38+00:00
287,L-Moments: Analysis and Estimation of Distributions Using Linear Combinations of Order Statistics,10.1111/j.2517-6161.1990.tb01775.x,https://doi.org/10.1111/j.2517-6161.1990.tb01775.x,1990,1990-09-01,Journal of the Royal Statistical Society Series B (Statistical Methodology),3185,No,closed,,https://openalex.org/W1481794564,Statistical Distribution Estimation and Applications,Statistics and Probability,article,2026-07-24T02:35:38+00:00
288,"Logistic Regression: Why We Cannot Do What We Think We Can Do, and What We Can Do About It",10.1093/esr/jcp006,https://doi.org/10.1093/esr/jcp006,2009,2009-03-09,European Sociological Review,3185,No,closed,,https://openalex.org/W2101771110,Statistical Methods and Inference,Statistics and Probability,article,2026-07-24T02:35:38+00:00
289,Review of Using Multivariate Statistics.,10.1037/022267,https://doi.org/10.1037/022267,1983,1983-08-01,Contemporary Psychology,3156,No,closed,,https://openalex.org/W2066005979,Statistical Methods and Applications,Statistics and Probability,article,2026-07-24T02:35:38+00:00
290,Extension of Multiple Range Tests to Group Means with Unequal Numbers of Replications,10.2307/3001469,https://doi.org/10.2307/3001469,1956,1956-09-01,Biometrics,3150,No,closed,,https://openalex.org/W2329442555,Statistical Methods in Clinical Trials,Statistics and Probability,article,2026-07-24T02:35:38+00:00
291,A Simple General Approach to Inference About the Tail of a Distribution,10.1214/aos/1176343247,https://doi.org/10.1214/aos/1176343247,1975,1975-09-01,The Annals of Statistics,3149,Yes,bronze,https://projecteuclid.org/journals/annals-of-statistics/volume-3/issue-5/A-Simple-General-Approach-to-Inference-About-the-Tail-of/10.1214/aos/1176343247.pdf,https://openalex.org/W2048649579,Statistical Distribution Estimation and Applications,Statistics and Probability,article,2026-07-24T02:35:38+00:00
292,Ensemble samplers with affine invariance,10.2140/camcos.2010.5.65,https://doi.org/10.2140/camcos.2010.5.65,2010,2010-01-31,Communications in Applied Mathematics and Computational Science,3126,Yes,bronze,http://msp.org/camcos/2010/5-1/camcos-v5-n1-p04-s.pdf,https://openalex.org/W2101687185,Markov Chains and Monte Carlo Methods,Statistics and Probability,article,2026-07-24T02:35:38+00:00
293,Bayesian Analysis of Binary and Polychotomous Response Data,10.1080/01621459.1993.10476321,https://doi.org/10.1080/01621459.1993.10476321,1993,1993-06-01,Journal of the American Statistical Association,3124,No,closed,,https://openalex.org/W2108306139,Statistical Methods and Bayesian Inference,Statistics and Probability,article,2026-07-24T02:35:38+00:00
294,Sample size of 12 per group rule of thumb for a pilot study,10.1002/pst.185,https://doi.org/10.1002/pst.185,2005,2005-10-01,Pharmaceutical Statistics,3123,No,closed,,https://openalex.org/W2082494913,Statistical Methods in Clinical Trials,Statistics and Probability,article,2026-07-24T02:35:38+00:00
295,Mathematical Statistics and Data Analysis,10.2307/3556160,https://doi.org/10.2307/3556160,1989,1989-08-01,Technometrics,3097,Yes,gold,http://www.gbv.de/dms/ilmenau/toc/521766079.PDF,https://openalex.org/W2120176508,Advanced Statistical Methods and Models,Statistics and Probability,article,2026-07-24T02:35:38+00:00
296,Reducing Bias in Observational Studies Using Subclassification on the Propensity Score,10.1080/01621459.1984.10478078,https://doi.org/10.1080/01621459.1984.10478078,1984,1984-09-01,Journal of the American Statistical Association,3087,No,closed,,https://openalex.org/W4239728164,Advanced Causal Inference Techniques,Statistics and Probability,article,2026-07-24T02:35:38+00:00
297,Air Pollution and Hospital Admissions for Heart Disease in Eight U.S. Counties,10.1097/00001648-199901000-00005,https://doi.org/10.1097/00001648-199901000-00005,1999,1999-01-01,Epidemiology,3071,No,closed,,https://openalex.org/W2062594082,Advanced Causal Inference Techniques,Statistics and Probability,article,2026-07-24T02:35:38+00:00
298,Applied Regression Analysis (2nd ed).,10.2307/2287608,https://doi.org/10.2307/2287608,1981,1981-12-01,Journal of the American Statistical Association,3069,No,closed,,https://openalex.org/W2022480405,Statistical Methods and Applications,Statistics and Probability,article,2026-07-24T02:35:38+00:00
299,On the Kolmogorov-Smirnov Test for Normality with Mean and Variance Unknown,10.1080/01621459.1967.10482916,https://doi.org/10.1080/01621459.1967.10482916,1967,1967-06-01,Journal of the American Statistical Association,3069,No,closed,,https://openalex.org/W4239953570,Advanced Statistical Methods and Models,Statistics and Probability,article,2026-07-24T02:35:38+00:00
300,Interrupted time series regression for the evaluation of public health interventions: a tutorial,10.1093/ije/dyw098,https://doi.org/10.1093/ije/dyw098,2016,2016-06-09,International Journal of Epidemiology,3058,Yes,bronze,https://academic.oup.com/ije/article-pdf/46/1/348/24170929/dyw098.pdf,https://openalex.org/W2416547532,Advanced Causal Inference Techniques,Statistics and Probability,article,2026-07-24T02:35:38+00:00
301,"The estimation of the gradient of a density function, with applications in pattern recognition",10.1109/tit.1975.1055330,https://doi.org/10.1109/tit.1975.1055330,1975,1975-01-01,IEEE Transactions on Information Theory,3053,No,closed,,https://openalex.org/W2164500538,Statistical Methods and Inference,Statistics and Probability,article,2026-07-24T02:35:38+00:00
302,Robust Nonparametric Confidence Intervals for Regression-Discontinuity Designs,10.3982/ecta11757,https://doi.org/10.3982/ecta11757,2014,2014-11-01,Econometrica,3035,Yes,bronze,https://onlinelibrary.wiley.com/doi/pdfdirect/10.3982/ECTA11757,https://openalex.org/W1537287213,Advanced Causal Inference Techniques,Statistics and Probability,article,2026-07-24T02:35:38+00:00
303,Beta Regression for Modelling Rates and Proportions,10.1080/0266476042000214501,https://doi.org/10.1080/0266476042000214501,2004,2004-08-01,Journal of Applied Statistics,3034,No,closed,,https://openalex.org/W1998643818,Statistical Distribution Estimation and Applications,Statistics and Probability,article,2026-07-24T02:35:38+00:00
304,Comparison of five rules for determining the number of components to retain.,10.1037/0033-2909.99.3.432,https://doi.org/10.1037/0033-2909.99.3.432,1986,1986-05-01,Psychological Bulletin,3027,No,closed,,https://openalex.org/W2041963641,Statistical Methods and Applications,Statistics and Probability,article,2026-07-24T02:35:38+00:00
305,The Determination of the Order of an Autoregression,10.1111/j.2517-6161.1979.tb01072.x,https://doi.org/10.1111/j.2517-6161.1979.tb01072.x,1979,1979-01-01,Journal of the Royal Statistical Society Series B (Statistical Methodology),3025,No,closed,,https://openalex.org/W1500470240,Advanced Statistical Methods and Models,Statistics and Probability,article,2026-07-24T02:35:38+00:00
306,The Bayesian Lasso,10.1198/016214508000000337,https://doi.org/10.1198/016214508000000337,2008,2008-06-01,Journal of the American Statistical Association,3025,No,closed,,https://openalex.org/W1982652137,Statistical Methods and Inference,Statistics and Probability,article,2026-07-24T02:35:38+00:00
307,How much should we trust staggered difference-in-differences estimates?,10.1016/j.jfineco.2022.01.004,https://doi.org/10.1016/j.jfineco.2022.01.004,2022,2022-02-22,Journal of Financial Economics,3020,Yes,hybrid,https://doi.org/10.1016/j.jfineco.2022.01.004,https://openalex.org/W4283387379,Advanced Causal Inference Techniques,Statistics and Probability,article,2026-07-24T02:35:38+00:00
308,Randomized Response: A Survey Technique for Eliminating Evasive Answer Bias,10.1080/01621459.1965.10480775,https://doi.org/10.1080/01621459.1965.10480775,1965,1965-03-01,Journal of the American Statistical Association,3010,No,closed,,https://openalex.org/W2013823004,Survey Sampling and Estimation Techniques,Statistics and Probability,article,2026-07-24T02:35:38+00:00
309,An Introduction to Statistical Learning: with Applications in R,10.25334/q4ht55,https://doi.org/10.25334/q4ht55,2018,2018-01-01,,2991,Yes,green,https://doi.org/10.25334/q4ht55,https://openalex.org/W1492815834,Statistical Methods and Applications,Statistics and Probability,article,2026-07-24T02:35:38+00:00
310,"A Leisurely Look at the Bootstrap, the Jackknife, and Cross-Validation",10.1080/00031305.1983.10483087,https://doi.org/10.1080/00031305.1983.10483087,1983,1983-02-01,The American Statistician,2979,No,closed,,https://openalex.org/W1976927254,Advanced Statistical Methods and Models,Statistics and Probability,article,2026-07-24T02:35:38+00:00
311,Bias in cross-sectional analyses of longitudinal mediation.,10.1037/1082-989x.12.1.23,https://doi.org/10.1037/1082-989x.12.1.23,2007,2007-01-01,Psychological Methods,2979,No,closed,,https://openalex.org/W1992036396,Advanced Causal Inference Techniques,Statistics and Probability,article,2026-07-24T02:35:38+00:00
312,A Test for Normality of Observations and Regression Residuals,10.2307/1403192,https://doi.org/10.2307/1403192,1987,1987-08-01,International Statistical Review,2971,No,closed,,https://openalex.org/W2127923747,Advanced Statistical Methods and Models,Statistics and Probability,article,2026-07-24T02:35:38+00:00
313,Thirteen Ways to Look at the Correlation Coefficient,10.1080/00031305.1988.10475524,https://doi.org/10.1080/00031305.1988.10475524,1988,1988-02-01,The American Statistician,2969,No,closed,,https://openalex.org/W2113952909,Advanced Statistical Methods and Models,Statistics and Probability,article,2026-07-24T02:35:38+00:00
314,A well-conditioned estimator for large-dimensional covariance matrices,10.1016/s0047-259x(03)00096-4,https://doi.org/10.1016/s0047-259x(03)00096-4,2003,2003-07-16,Journal of Multivariate Analysis,2967,Yes,green,http://hdl.handle.net/10016/10087,https://openalex.org/W2062125287,Random Matrices and Applications,Statistics and Probability,article,2026-07-24T02:35:38+00:00
315,Partial residuals for the proportional hazards regression model,10.1093/biomet/69.1.239,https://doi.org/10.1093/biomet/69.1.239,1982,1982-01-01,Biometrika,2965,No,closed,,https://openalex.org/W1977247044,Advanced Statistical Methods and Models,Statistics and Probability,article,2026-07-24T02:35:38+00:00
316,Multiple Imputation after 18+ Years,10.1080/01621459.1996.10476908,https://doi.org/10.1080/01621459.1996.10476908,1996,1996-06-01,Journal of the American Statistical Association,2964,No,closed,,https://openalex.org/W4211101039,Statistical Methods and Bayesian Inference,Statistics and Probability,article,2026-07-24T02:35:38+00:00
317,Clinical Trials: A Practical Approach.,10.2307/2531186,https://doi.org/10.2307/2531186,1984,1984-12-01,Biometrics,2962,No,closed,,https://openalex.org/W2087425662,Statistical Methods in Clinical Trials,Statistics and Probability,article,2026-07-24T02:35:38+00:00
318,MultiNest: an efficient and robust Bayesian inference tool for cosmology and particle physics,10.1111/j.1365-2966.2009.14548.x,https://doi.org/10.1111/j.1365-2966.2009.14548.x,2009,2009-08-31,Monthly Notices of the Royal Astronomical Society,2959,Yes,green,https://arxiv.org/pdf/0809.3437,https://openalex.org/W2092194717,Markov Chains and Monte Carlo Methods,Statistics and Probability,article,2026-07-24T02:35:38+00:00
319,Large Sample Properties of Matching Estimators for Average Treatment Effects,10.1111/j.1468-0262.2006.00655.x,https://doi.org/10.1111/j.1468-0262.2006.00655.x,2005,2005-12-13,Econometrica,2944,Yes,bronze,https://onlinelibrary.wiley.com/doi/pdfdirect/10.1111/j.1468-0262.2006.00655.x,https://openalex.org/W2171443468,Advanced Causal Inference Techniques,Statistics and Probability,article,2026-07-24T02:35:38+00:00
320,Multivariate Data Analysis.,10.2307/2062821,https://doi.org/10.2307/2062821,1972,1972-03-01,Contemporary Sociology A Journal of Reviews,2943,No,closed,,https://openalex.org/W1480544864,Statistical Methods and Applications,Statistics and Probability,article,2026-07-24T02:35:38+00:00
321,AN ESSAY TOWARDS SOLVING A PROBLEM IN THE DOCTRINE OF CHANCES,10.1093/biomet/45.3-4.296,https://doi.org/10.1093/biomet/45.3-4.296,1958,1958-01-01,Biometrika,2941,No,closed,,https://openalex.org/W3083113686,Probability and Statistical Research,Statistics and Probability,article,2026-07-24T02:35:38+00:00
322,Time‐Dependent ROC Curves for Censored Survival Data and a Diagnostic Marker,10.1111/j.0006-341x.2000.00337.x,https://doi.org/10.1111/j.0006-341x.2000.00337.x,2000,2000-06-01,Biometrics,2931,No,closed,,https://openalex.org/W2123664981,Statistical Methods and Inference,Statistics and Probability,article,2026-07-24T02:35:38+00:00
323,Adjusting for multiple testing—when and how?,10.1016/s0895-4356(00)00314-0,https://doi.org/10.1016/s0895-4356(00)00314-0,2001,2001-04-01,Journal of Clinical Epidemiology,2926,No,closed,,https://openalex.org/W2029445248,Statistical Methods in Clinical Trials,Statistics and Probability,article,2026-07-24T02:35:38+00:00
324,Introduction to Mathematical Statistics.,10.2307/2291439,https://doi.org/10.2307/2291439,1996,1996-03-01,Journal of the American Statistical Association,2925,No,closed,,https://openalex.org/W2144242878,Advanced Statistical Methods and Models,Statistics and Probability,article,2026-07-24T02:35:38+00:00
325,Statistical Models Based on Counting Processes,10.2307/1534625,https://doi.org/10.2307/1534625,1997,1997-07-01,Population,2921,No,closed,,https://openalex.org/W2319384619,Statistical Methods and Inference,Statistics and Probability,article,2026-07-24T02:35:38+00:00
326,Quantum statistical mechanics in a closed system,10.1103/physreva.43.2046,https://doi.org/10.1103/physreva.43.2046,1991,1991-02-01,Physical Review A,2920,No,closed,,https://openalex.org/W2086612234,Random Matrices and Applications,Statistics and Probability,article,2026-07-24T02:35:38+00:00
327,Maximum utilization of the life table method in analyzing survival,10.1016/0021-9681(58)90126-7,https://doi.org/10.1016/0021-9681(58)90126-7,1958,1958-12-01,Journal of Chronic Diseases,2913,No,closed,,https://openalex.org/W2106147539,Statistical Methods and Inference,Statistics and Probability,article,2026-07-24T02:35:38+00:00
328,Estimating Causal Effects from Large Data Sets Using Propensity Scores,10.7326/0003-4819-127-8_part_2-199710151-00064,https://doi.org/10.7326/0003-4819-127-8_part_2-199710151-00064,1997,1997-10-15,Annals of Internal Medicine,2911,No,closed,,https://openalex.org/W2052806549,Advanced Causal Inference Techniques,Statistics and Probability,article,2026-07-24T02:35:38+00:00
329,Nonparametric Statistical Methods.,10.2307/2285701,https://doi.org/10.2307/2285701,1974,1974-06-01,Journal of the American Statistical Association,2898,No,closed,,https://openalex.org/W4298345797,Statistical Methods and Inference,Statistics and Probability,article,2026-07-24T02:35:38+00:00
330,The Interpretation of Statistical Maps,10.1111/j.2517-6161.1948.tb00012.x,https://doi.org/10.1111/j.2517-6161.1948.tb00012.x,1948,1948-07-01,Journal of the Royal Statistical Society Series B (Statistical Methodology),2891,No,closed,,https://openalex.org/W2905290611,Census and Population Estimation,Statistics and Probability,article,2026-07-24T02:35:38+00:00
331,Robust Tests for the Equality of Variances,10.1080/01621459.1974.10482955,https://doi.org/10.1080/01621459.1974.10482955,1974,1974-06-01,Journal of the American Statistical Association,2890,No,closed,,https://openalex.org/W2048489440,Advanced Statistical Methods and Models,Statistics and Probability,article,2026-07-24T02:35:38+00:00
332,Statistical Methods for Survival Data Analysis.,10.2307/2290742,https://doi.org/10.2307/2290742,1993,1993-03-01,Journal of the American Statistical Association,2863,No,closed,,https://openalex.org/W2171515720,Statistical Methods and Inference,Statistics and Probability,article,2026-07-24T02:35:38+00:00
333,Proceedings of the Fifth Berkeley Symposium on Mathematical Statistics and Probability; Vol. IV,10.2307/1402306,https://doi.org/10.2307/1402306,1969,1969-01-01,Revue de l Institut International de Statistique / Review of the International Statistical Institute,2863,No,closed,,https://openalex.org/W370143576,Statistics Education and Methodologies,Statistics and Probability,article,2026-07-24T02:35:38+00:00
334,Relation of sample size to the stability of component patterns.,10.1037/0033-2909.103.2.265,https://doi.org/10.1037/0033-2909.103.2.265,1988,1988-03-01,Psychological Bulletin,2856,No,closed,,https://openalex.org/W2058513103,Statistical Methods and Applications,Statistics and Probability,article,2026-07-24T02:35:38+00:00
335,Probability and Statistics for Engineers and Scientists.,10.2307/2284195,https://doi.org/10.2307/2284195,1973,1973-03-01,Journal of the American Statistical Association,2855,No,closed,,https://openalex.org/W2145224695,Statistics Education and Methodologies,Statistics and Probability,article,2026-07-24T02:35:38+00:00
336,<i>Outliers in Statistical Data</i>,10.1063/1.2995737,https://doi.org/10.1063/1.2995737,1979,1979-09-01,Physics Today,2849,No,closed,,https://openalex.org/W1970655212,Advanced Statistical Methods and Models,Statistics and Probability,article,2026-07-24T02:35:38+00:00
337,Outlier and influence diagnostics for meta-analysis,10.1002/jrsm.11,https://doi.org/10.1002/jrsm.11,2010,2010-04-01,Research Synthesis Methods,2841,No,closed,,https://openalex.org/W2104657845,Advanced Statistical Methods and Models,Statistics and Probability,article,2026-07-24T02:35:38+00:00
338,Multiple imputation of discrete and continuous data by fully conditional specification,10.1177/0962280206074463,https://doi.org/10.1177/0962280206074463,2007,2007-06-01,Statistical Methods in Medical Research,2837,No,closed,,https://openalex.org/W2096391232,Statistical Methods and Bayesian Inference,Statistics and Probability,article,2026-07-24T02:35:38+00:00
339,How Many Imputations are Really Needed? Some Practical Clarifications of Multiple Imputation Theory,10.1007/s11121-007-0070-9,https://doi.org/10.1007/s11121-007-0070-9,2007,2007-06-04,Prevention Science,2831,No,closed,,https://openalex.org/W2133494987,Statistical Methods and Bayesian Inference,Statistics and Probability,article,2026-07-24T02:35:38+00:00
340,Partial least squares for discrimination,10.1002/cem.785,https://doi.org/10.1002/cem.785,2003,2003-03-01,Journal of Chemometrics,2830,No,closed,,https://openalex.org/W2164583936,Advanced Statistical Methods and Models,Statistics and Probability,article,2026-07-24T02:35:38+00:00
341,Modern Applied Statistics With S,10.1198/tech.2003.s33,https://doi.org/10.1198/tech.2003.s33,2003,2003-02-01,Technometrics,2824,Yes,bronze,https://www.tandfonline.com/doi/abs/10.1198/tech.2003.s33,https://openalex.org/W2465493330,Advanced Statistical Methods and Models,Statistics and Probability,article,2026-07-24T02:35:38+00:00
342,Sure Independence Screening for Ultrahigh Dimensional Feature Space,10.1111/j.1467-9868.2008.00674.x,https://doi.org/10.1111/j.1467-9868.2008.00674.x,2008,2008-10-03,Journal of the Royal Statistical Society Series B (Statistical Methodology),2822,Yes,bronze,https://academic.oup.com/jrsssb/article-pdf/70/5/849/49796154/jrsssb_70_5_849.pdf,https://openalex.org/W2154560360,Statistical Methods and Inference,Statistics and Probability,article,2026-07-24T02:35:38+00:00
343,Estimation and Inference of Heterogeneous Treatment Effects using Random Forests,10.1080/01621459.2017.1319839,https://doi.org/10.1080/01621459.2017.1319839,2017,2017-04-21,Journal of the American Statistical Association,2822,No,closed,,https://openalex.org/W2208550830,Advanced Causal Inference Techniques,Statistics and Probability,article,2026-07-24T02:35:38+00:00
344,Using Big Data to Emulate a Target Trial When a Randomized Trial Is Not Available: Table 1.,10.1093/aje/kwv254,https://doi.org/10.1093/aje/kwv254,2016,2016-03-18,American Journal of Epidemiology,2819,Yes,bronze,https://academic.oup.com/aje/article-pdf/183/8/758/6652570/kwv254.pdf,https://openalex.org/W2298338128,Advanced Causal Inference Techniques,Statistics and Probability,article,2026-07-24T02:35:38+00:00
345,Sparsity and Smoothness Via the Fused Lasso,10.1111/j.1467-9868.2005.00490.x,https://doi.org/10.1111/j.1467-9868.2005.00490.x,2004,2004-12-13,Journal of the Royal Statistical Society Series B (Statistical Methodology),2812,No,closed,,https://openalex.org/W2140514146,Statistical Methods and Inference,Statistics and Probability,article,2026-07-24T02:35:38+00:00
346,More powerful procedures for multiple significance testing,10.1002/sim.4780090710,https://doi.org/10.1002/sim.4780090710,1990,1990-07-01,Statistics in Medicine,2810,No,closed,,https://openalex.org/W2123830992,Statistical Methods in Clinical Trials,Statistics and Probability,article,2026-07-24T02:35:38+00:00
347,When and how should multiple imputation be used for handling missing data in randomised clinical trials – a practical guide with flowcharts,10.1186/s12874-017-0442-1,https://doi.org/10.1186/s12874-017-0442-1,2017,2017-12-01,BMC Medical Research Methodology,2809,Yes,gold,https://bmcmedresmethodol.biomedcentral.com/track/pdf/10.1186/s12874-017-0442-1,https://openalex.org/W2772803673,Statistical Methods and Bayesian Inference,Statistics and Probability,article,2026-07-24T02:35:38+00:00
348,Statistical Models and Methods for Lifetime Data.,10.2307/2531129,https://doi.org/10.2307/2531129,1983,1983-09-01,Biometrics,2801,No,closed,,https://openalex.org/W2796537448,Statistical Methods and Inference,Statistics and Probability,article,2026-07-24T02:35:38+00:00
349,Nonparametric Statistics,10.1080/00031305.1957.10501091,https://doi.org/10.1080/00031305.1957.10501091,1957,1957-06-01,The American Statistician,2792,No,closed,,https://openalex.org/W4248694980,Advanced Statistical Methods and Models,Statistics and Probability,article,2026-07-24T02:35:38+00:00
350,A Structural Approach to Selection Bias,10.1097/01.ede.0000135174.63482.43,https://doi.org/10.1097/01.ede.0000135174.63482.43,2004,2004-08-12,Epidemiology,2785,No,closed,,https://openalex.org/W1978209044,Advanced Causal Inference Techniques,Statistics and Probability,article,2026-07-24T02:35:38+00:00
351,Estimation of Average Treatment Effects Based on Propensity Scores,10.1177/1536867x0200200403,https://doi.org/10.1177/1536867x0200200403,2002,2002-12-01,The Stata Journal Promoting communications on statistics and Stata,2781,Yes,bronze,https://journals.sagepub.com/doi/pdf/10.1177/1536867X0200200403,https://openalex.org/W1594294799,Advanced Causal Inference Techniques,Statistics and Probability,article,2026-07-24T02:35:38+00:00
352,Smoothing reference centile curves: The lms method and penalized likelihood,10.1002/sim.4780111005,https://doi.org/10.1002/sim.4780111005,1992,1992-01-01,Statistics in Medicine,2781,No,closed,,https://openalex.org/W2136326182,Advanced Statistical Methods and Models,Statistics and Probability,article,2026-07-24T02:35:38+00:00
353,A Cluster Analysis Method for Grouping Means in the Analysis of Variance,10.2307/2529204,https://doi.org/10.2307/2529204,1974,1974-09-01,Biometrics,2776,No,closed,,https://openalex.org/W2330210193,Statistical Methods in Clinical Trials,Statistics and Probability,article,2026-07-24T02:35:38+00:00
354,Estimation of the Mean of a Multivariate Normal Distribution,10.1214/aos/1176345632,https://doi.org/10.1214/aos/1176345632,1981,1981-11-01,The Annals of Statistics,2770,Yes,bronze,https://projecteuclid.org/journals/annals-of-statistics/volume-9/issue-6/Estimation-of-the-Mean-of-a-Multivariate-Normal-Distribution/10.1214/aos/1176345632.pdf,https://openalex.org/W2054640142,Advanced Statistical Methods and Models,Statistics and Probability,article,2026-07-24T02:35:38+00:00
355,The complexity of computing the permanent,10.1016/0304-3975(79)90044-6,https://doi.org/10.1016/0304-3975(79)90044-6,1979,1979-01-01,Theoretical Computer Science,2766,No,closed,,https://openalex.org/W2006912660,Markov Chains and Monte Carlo Methods,Statistics and Probability,article,2026-07-24T02:35:38+00:00
356,Estimation of Regression Coefficients When Some Regressors are not Always Observed,10.1080/01621459.1994.10476818,https://doi.org/10.1080/01621459.1994.10476818,1994,1994-09-01,Journal of the American Statistical Association,2760,No,closed,,https://openalex.org/W2039811614,Statistical Methods and Inference,Statistics and Probability,article,2026-07-24T02:35:38+00:00
357,"On the Use, the Misuse, and the Very Limited Usefulness of Cronbach’s Alpha",10.1007/s11336-008-9101-0,https://doi.org/10.1007/s11336-008-9101-0,2008,2008-12-10,Psychometrika,2760,Yes,hybrid,https://link.springer.com/content/pdf/10.1007/s11336-008-9101-0.pdf,https://openalex.org/W2129375743,Advanced Statistical Methods and Models,Statistics and Probability,article,2026-07-24T02:35:38+00:00
358,An Adaptive Metropolis Algorithm,10.2307/3318737,https://doi.org/10.2307/3318737,2001,2001-04-01,Bernoulli,2754,No,closed,,https://openalex.org/W1995780830,Markov Chains and Monte Carlo Methods,Statistics and Probability,article,2026-07-24T02:35:38+00:00
359,SPSS survival manual: a step by step guide to data analysis using IBM SPSS,10.1111/1753-6405.12166,https://doi.org/10.1111/1753-6405.12166,2013,2013-12-01,Australian and New Zealand Journal of Public Health,2747,No,closed,,https://openalex.org/W1535597403,Statistical Methods and Applications,Statistics and Probability,article,2026-07-24T02:35:38+00:00
360,Variable Selection via Gibbs Sampling,10.1080/01621459.1993.10476353,https://doi.org/10.1080/01621459.1993.10476353,1993,1993-09-01,Journal of the American Statistical Association,2744,No,closed,,https://openalex.org/W2007069447,Statistical Methods and Bayesian Inference,Statistics and Probability,article,2026-07-24T02:35:38+00:00
361,Constructing Inverse Probability Weights for Marginal Structural Models,10.1093/aje/kwn164,https://doi.org/10.1093/aje/kwn164,2008,2008-07-15,American Journal of Epidemiology,2729,Yes,bronze,https://academic.oup.com/aje/article-pdf/168/6/656/200801/kwn164.pdf,https://openalex.org/W2142495742,Advanced Causal Inference Techniques,Statistics and Probability,article,2026-07-24T02:35:38+00:00
362,Consistent Estimates Based on Partially Consistent Observations,10.2307/1914288,https://doi.org/10.2307/1914288,1948,1948-01-01,Econometrica,2721,No,closed,,https://openalex.org/W2322461341,Statistical Distribution Estimation and Applications,Statistics and Probability,article,2026-07-24T02:35:38+00:00
363,"Using SAS PROC MIXED to Fit Multilevel Models, Hierarchical Models, and Individual Growth Models",10.3102/10769986023004323,https://doi.org/10.3102/10769986023004323,1998,1998-12-01,Journal of Educational and Behavioral Statistics,2715,No,closed,,https://openalex.org/W2170210994,Statistical Methods and Bayesian Inference,Statistics and Probability,article,2026-07-24T02:35:38+00:00
364,Generalized reduced rank tests using the singular value decomposition,10.1016/j.jeconom.2005.02.011,https://doi.org/10.1016/j.jeconom.2005.02.011,2005,2005-05-05,Journal of Econometrics,2715,No,closed,,https://openalex.org/W3022774728,Advanced Statistical Methods and Models,Statistics and Probability,article,2026-07-24T02:35:38+00:00
365,Flexible regression models with cubic splines,10.1002/sim.4780080504,https://doi.org/10.1002/sim.4780080504,1989,1989-05-01,Statistics in Medicine,2710,No,closed,,https://openalex.org/W2098787760,Statistical Methods and Inference,Statistics and Probability,article,2026-07-24T02:35:38+00:00
366,Multiple Imputation After 18+ Years,10.2307/2291635,https://doi.org/10.2307/2291635,1996,1996-06-01,Journal of the American Statistical Association,2702,Yes,green,http://nrs.harvard.edu/urn-3:HUL.InstRepos:3630271,https://openalex.org/W2172074277,Statistical Methods and Bayesian Inference,Statistics and Probability,article,2026-07-24T02:35:38+00:00
367,Measuring utility by a single-response sequential method,10.1002/bs.3830090304,https://doi.org/10.1002/bs.3830090304,1964,1964-01-01,Systems Research and Behavioral Science,2692,No,closed,,https://openalex.org/W2029350946,Statistical Methods in Clinical Trials,Statistics and Probability,article,2026-07-24T02:35:38+00:00
368,Nonparametric Statistical Methods.,10.2307/2344557,https://doi.org/10.2307/2344557,1974,1974-01-01,Journal of the Royal Statistical Society Series A (General),2689,No,closed,,https://openalex.org/W3016230452,Statistical Methods and Inference,Statistics and Probability,article,2026-07-24T02:35:38+00:00
369,Estimation of failure probabilities in the presence of competing risks: new representations of old estimators,10.1002/(sici)1097-0258(19990330)18:6<695::aid-sim60>3.0.co;2-o,https://doi.org/10.1002/(sici)1097-0258(19990330)18:6<695::aid-sim60>3.0.co;2-o,1999,1999-03-30,Statistics in Medicine,2680,No,closed,,https://openalex.org/W1973617793,Statistical Methods in Clinical Trials,Statistics and Probability,article,2026-07-24T02:35:38+00:00
370,An Introduction to Logistic Regression Analysis and Reporting,10.1080/00220670209598786,https://doi.org/10.1080/00220670209598786,2002,2002-09-01,The Journal of Educational Research,2678,No,closed,,https://openalex.org/W2004147962,Advanced Statistical Methods and Models,Statistics and Probability,article,2026-07-24T02:35:38+00:00
371,Multicollinearity and misleading statistical results,10.4097/kja.19087,https://doi.org/10.4097/kja.19087,2019,2019-07-15,Korean Journal of Anesthesiology,2674,Yes,diamond,https://ekja.org/upload/pdf/kja-19087.pdf,https://openalex.org/W2957606078,Advanced Statistical Methods and Models,Statistics and Probability,article,2026-07-24T02:35:38+00:00
372,Kendall's Advanced Theory of Statistics.,10.2307/2291187,https://doi.org/10.2307/2291187,1995,1995-03-01,Journal of the American Statistical Association,2667,No,closed,,https://openalex.org/W2022261649,Advanced Statistical Methods and Models,Statistics and Probability,article,2026-07-24T02:35:38+00:00
373,Ensemble-based classifiers,10.1007/s10462-009-9124-7,https://doi.org/10.1007/s10462-009-9124-7,2009,2009-11-18,Artificial Intelligence Review,2663,Yes,green,https://hdl.handle.net/11323/1748,https://openalex.org/W2155806188,Advanced Statistical Methods and Models,Statistics and Probability,article,2026-07-24T02:35:38+00:00
374,Residuals and Influence in Regression,10.2307/1269506,https://doi.org/10.2307/1269506,1984,1984-11-01,Technometrics,2659,Yes,green,https://conservancy.umn.edu/bitstreams/1d2f06b5-2a93-4831-af8c-c174f3da0b84/download,https://openalex.org/W2145147745,Advanced Statistical Methods and Models,Statistics and Probability,article,2026-07-24T02:35:38+00:00
375,Internal validation of predictive models,10.1016/s0895-4356(01)00341-9,https://doi.org/10.1016/s0895-4356(01)00341-9,2001,2001-08-01,Journal of Clinical Epidemiology,2653,No,closed,,https://openalex.org/W2074932800,Statistical Methods and Bayesian Inference,Statistics and Probability,article,2026-07-24T02:35:38+00:00
376,"Common Method Bias in Regression Models With Linear, Quadratic, and Interaction Effects",10.1177/1094428109351241,https://doi.org/10.1177/1094428109351241,2009,2009-11-30,Organizational Research Methods,2643,No,closed,,https://openalex.org/W2130091537,Advanced Statistical Methods and Models,Statistics and Probability,article,2026-07-24T02:35:38+00:00
377,Regularization Paths for Cox's Proportional Hazards Model via Coordinate Descent,10.18637/jss.v039.i05,https://doi.org/10.18637/jss.v039.i05,2011,2011-01-01,Journal of Statistical Software,2637,Yes,diamond,https://doi.org/10.18637/jss.v039.i05,https://openalex.org/W2157076315,Statistical Methods and Inference,Statistics and Probability,article,2026-07-24T02:35:38+00:00
378,A comparison of the Two One-Sided Tests Procedure and the Power Approach for assessing the equivalence of average bioavailability,10.1007/bf01068419,https://doi.org/10.1007/bf01068419,1987,1987-12-01,Journal of Pharmacokinetics and Biopharmaceutics,2635,Yes,green,https://zenodo.org/record/1232484,https://openalex.org/W2037698344,Statistical Methods in Clinical Trials,Statistics and Probability,article,2026-07-24T02:35:38+00:00
379,Chi-Square Tests with One Degree of Freedom; Extensions of the Mantel-Haenszel Procedure,10.1080/01621459.1963.10500879,https://doi.org/10.1080/01621459.1963.10500879,1963,1963-09-01,Journal of the American Statistical Association,2630,No,closed,,https://openalex.org/W2014530124,Statistical Methods in Clinical Trials,Statistics and Probability,article,2026-07-24T02:35:38+00:00
380,A statistical model for the analysis of ordinal level dependent variables,10.1080/0022250x.1975.9989847,https://doi.org/10.1080/0022250x.1975.9989847,1975,1975-01-01,Journal of Mathematical Sociology,2629,No,closed,,https://openalex.org/W2049390752,Advanced Statistical Methods and Models,Statistics and Probability,article,2026-07-24T02:35:38+00:00
381,Using Heteroscedasticity to Identify and Estimate Mismeasured and Endogenous Regressor Models,10.1080/07350015.2012.643126,https://doi.org/10.1080/07350015.2012.643126,2012,2012-01-01,Journal of Business and Economic Statistics,2616,No,closed,,https://openalex.org/W1989773174,Advanced Statistical Methods and Models,Statistics and Probability,article,2026-07-24T02:35:38+00:00
382,A practical solution to the pervasive problems ofp values,10.3758/bf03194105,https://doi.org/10.3758/bf03194105,2007,2007-10-01,Psychonomic Bulletin & Review,2613,Yes,bronze,https://link.springer.com/content/pdf/10.3758/BF03194105.pdf,https://openalex.org/W2017146523,Statistical Methods and Bayesian Inference,Statistics and Probability,article,2026-07-24T02:35:38+00:00
383,A transformation for ordering multispectral data in terms of image quality with implications for noise removal,10.1109/36.3001,https://doi.org/10.1109/36.3001,1988,1988-01-01,IEEE Transactions on Geoscience and Remote Sensing,2598,No,closed,,https://openalex.org/W2136625467,Advanced Statistical Methods and Models,Statistics and Probability,article,2026-07-24T02:35:38+00:00
384,Review: A gentle introduction to imputation of missing values,10.1016/j.jclinepi.2006.01.014,https://doi.org/10.1016/j.jclinepi.2006.01.014,2006,2006-07-12,Journal of Clinical Epidemiology,2588,Yes,bronze,http://www.jclinepi.com/article/S0895435606001971/pdf,https://openalex.org/W2162772535,Statistical Methods and Bayesian Inference,Statistics and Probability,article,2026-07-24T02:35:38+00:00
385,Principles and Procedures of Statistics: A Biometrical Approach.,10.2307/2287561,https://doi.org/10.2307/2287561,1981,1981-09-01,Journal of the American Statistical Association,2579,No,closed,,https://openalex.org/W2315626619,Statistics Education and Methodologies,Statistics and Probability,article,2026-07-24T02:35:38+00:00
386,Double/debiased machine learning for treatment and structural parameters,10.1111/ectj.12097,https://doi.org/10.1111/ectj.12097,2017,2017-06-24,Econometrics Journal,2578,Yes,bronze,https://academic.oup.com/ectj/article-pdf/21/1/C1/27684918/ectj00c1.pdf,https://openalex.org/W3123436326,Statistical Methods and Inference,Statistics and Probability,article,2026-07-24T02:35:38+00:00
387,Introduction to the Analysis of Survival Data in the Presence of Competing Risks,10.1161/circulationaha.115.017719,https://doi.org/10.1161/circulationaha.115.017719,2016,2016-02-08,Circulation,2571,Yes,green,https://www.ncbi.nlm.nih.gov/pmc/articles/4741409,https://openalex.org/W2264767503,Advanced Causal Inference Techniques,Statistics and Probability,article,2026-07-24T02:35:38+00:00
388,Scaling regression inputs by dividing by two standard deviations,10.1002/sim.3107,https://doi.org/10.1002/sim.3107,2007,2007-10-24,Statistics in Medicine,2562,No,closed,,https://openalex.org/W2099737847,Statistical Methods and Inference,Statistics and Probability,article,2026-07-24T02:35:38+00:00
389,A predictive approach to the random effect model,10.1093/biomet/61.1.101,https://doi.org/10.1093/biomet/61.1.101,1974,1974-01-01,Biometrika,2560,Yes,green,https://conservancy.umn.edu/bitstreams/cbe105da-3627-414b-a4da-8e5bce4de42b/download,https://openalex.org/W2066090712,Statistical Methods and Inference,Statistics and Probability,article,2026-07-24T02:35:38+00:00
390,The mental representation of parity and number magnitude.,10.1037/0096-3445.122.3.371,https://doi.org/10.1037/0096-3445.122.3.371,1993,1993-09-01,Journal of Experimental Psychology General,2547,No,closed,,https://openalex.org/W2006510893,Cognitive and developmental aspects of mathematical skills,Statistics and Probability,article,2026-07-24T02:35:38+00:00
391,Asymptotic Properties of Maximum Likelihood Estimators and Likelihood Ratio Tests under Nonstandard Conditions,10.1080/01621459.1987.10478472,https://doi.org/10.1080/01621459.1987.10478472,1987,1987-06-01,Journal of the American Statistical Association,2546,No,closed,,https://openalex.org/W2046076301,Statistical Methods and Bayesian Inference,Statistics and Probability,article,2026-07-24T02:35:38+00:00
392,Simultaneous analysis of Lasso and Dantzig selector,10.1214/08-aos620,https://doi.org/10.1214/08-aos620,2009,2009-06-18,The Annals of Statistics,2544,Yes,bronze,https://projecteuclid.org/journals/annals-of-statistics/volume-37/issue-4/Simultaneous-analysis-of-Lasso-and-Dantzig-selector/10.1214/08-AOS620.pdf,https://openalex.org/W2116581043,Statistical Methods and Inference,Statistics and Probability,article,2026-07-24T02:35:38+00:00
393,Bayesian Inference for Causal Effects: The Role of Randomization,10.1214/aos/1176344064,https://doi.org/10.1214/aos/1176344064,1978,1978-01-01,The Annals of Statistics,2542,Yes,bronze,https://projecteuclid.org/journals/annals-of-statistics/volume-6/issue-1/Bayesian-Inference-for-Causal-Effects-The-Role-of-Randomization/10.1214/aos/1176344064.pdf,https://openalex.org/W2064790857,Advanced Causal Inference Techniques,Statistics and Probability,article,2026-07-24T02:35:38+00:00
394,CONFRONTING MULTICOLLINEARITY IN ECOLOGICAL MULTIPLE REGRESSION,10.1890/02-3114,https://doi.org/10.1890/02-3114,2003,2003-11-01,Ecology,2536,No,closed,,https://openalex.org/W2163614163,Advanced Statistical Methods and Models,Statistics and Probability,article,2026-07-24T02:35:38+00:00
395,The Robust Inference for the Cox Proportional Hazards Model,10.1080/01621459.1989.10478874,https://doi.org/10.1080/01621459.1989.10478874,1989,1989-12-01,Journal of the American Statistical Association,2535,No,closed,,https://openalex.org/W2012658469,Statistical Distribution Estimation and Applications,Statistics and Probability,article,2026-07-24T02:35:38+00:00
396,The Common Core State Standards for Mathematics,10.21890/ijres.61754,https://doi.org/10.21890/ijres.61754,2015,2015-10-03,International Journal of Research in Education and Science,2531,Yes,diamond,https://doi.org/10.21890/ijres.61754,https://openalex.org/W2097330897,Cognitive and developmental aspects of mathematical skills,Statistics and Probability,article,2026-07-24T02:35:38+00:00
397,The Collinearity Problem in Linear Regression. The Partial Least Squares (PLS) Approach to Generalized Inverses,10.1137/0905052,https://doi.org/10.1137/0905052,1984,1984-09-01,SIAM Journal on Scientific and Statistical Computing,2529,No,closed,,https://openalex.org/W2166446427,Advanced Statistical Methods and Models,Statistics and Probability,article,2026-07-24T02:35:38+00:00
398,A Note on Robust Variance Estimation for Cluster‐Correlated Data,10.1111/j.0006-341x.2000.00645.x,https://doi.org/10.1111/j.0006-341x.2000.00645.x,2000,2000-06-01,Biometrics,2527,No,closed,,https://openalex.org/W2150910069,Statistical Methods and Bayesian Inference,Statistics and Probability,article,2026-07-24T02:35:38+00:00
399,Akaike's Information Criterion in Generalized Estimating Equations,10.1111/j.0006-341x.2001.00120.x,https://doi.org/10.1111/j.0006-341x.2001.00120.x,2001,2001-03-01,Biometrics,2521,No,closed,,https://openalex.org/W2110776215,Statistical Methods and Bayesian Inference,Statistics and Probability,article,2026-07-24T02:35:38+00:00
400,Simulation Study of Confounder-Selection Strategies,10.1093/oxfordjournals.aje.a116813,https://doi.org/10.1093/oxfordjournals.aje.a116813,1993,1993-12-01,American Journal of Epidemiology,2521,No,closed,,https://openalex.org/W2167858830,Statistical Methods and Bayesian Inference,Statistics and Probability,article,2026-07-24T02:35:38+00:00
401,Optimal Tests when a Nuisance Parameter is Present Only Under the Alternative,10.2307/2951753,https://doi.org/10.2307/2951753,1994,1994-11-01,Econometrica,2516,No,closed,,https://openalex.org/W2104267426,Statistical Methods and Inference,Statistics and Probability,article,2026-07-24T02:35:38+00:00
402,"Aggregation, Variance and the Mean",10.1038/189732a0,https://doi.org/10.1038/189732a0,1961,1961-03-01,Nature,2515,No,closed,,https://openalex.org/W1989338016,Advanced Statistical Methods and Models,Statistics and Probability,article,2026-07-24T02:35:38+00:00
403,A new approach to causal inference in mortality studies with a sustained exposure period—application to control of the healthy worker survivor effect,10.1016/0270-0255(86)90088-6,https://doi.org/10.1016/0270-0255(86)90088-6,1986,1986-01-01,Mathematical Modelling,2515,No,closed,,https://openalex.org/W2082299845,Advanced Causal Inference Techniques,Statistics and Probability,article,2026-07-24T02:35:38+00:00
404,High-dimensional graphs and variable selection with the Lasso,10.1214/009053606000000281,https://doi.org/10.1214/009053606000000281,2006,2006-06-01,The Annals of Statistics,2513,Yes,bronze,https://projecteuclid.org/journals/annals-of-statistics/volume-34/issue-3/High-dimensional-graphs-and-variable-selection-with-the-Lasso/10.1214/009053606000000281.pdf,https://openalex.org/W2010824638,Statistical Methods and Inference,Statistics and Probability,article,2026-07-24T02:35:38+00:00
405,Cross-Validatory Estimation of the Number of Components in Factor and Principal Components Models,10.1080/00401706.1978.10489693,https://doi.org/10.1080/00401706.1978.10489693,1978,1978-11-01,Technometrics,2511,No,closed,,https://openalex.org/W2005051528,Advanced Statistical Methods and Models,Statistics and Probability,article,2026-07-24T02:35:38+00:00
406,Thin Plate Regression Splines,10.1111/1467-9868.00374,https://doi.org/10.1111/1467-9868.00374,2003,2003-01-28,Journal of the Royal Statistical Society Series B (Statistical Methodology),2508,Yes,bronze,https://academic.oup.com/jrsssb/article-pdf/65/1/95/49799823/jrsssb_65_1_95.pdf,https://openalex.org/W2140308441,Statistical Methods and Inference,Statistics and Probability,article,2026-07-24T02:35:38+00:00
407,THREE PARIETAL CIRCUITS FOR NUMBER PROCESSING,10.1080/02643290244000239,https://doi.org/10.1080/02643290244000239,2003,2003-05-01,Cognitive Neuropsychology,2505,No,closed,,https://openalex.org/W1981548213,Cognitive and developmental aspects of mathematical skills,Statistics and Probability,article,2026-07-24T02:35:38+00:00
408,DISTRIBUTION OF EIGENVALUES FOR SOME SETS OF RANDOM MATRICES,10.1070/sm1967v001n04abeh001994,https://doi.org/10.1070/sm1967v001n04abeh001994,1967,1967-04-30,Mathematics of the USSR-Sbornik,2504,No,closed,,https://openalex.org/W2060581589,Random Matrices and Applications,Statistics and Probability,article,2026-07-24T02:35:38+00:00
409,Root-N-Consistent Semiparametric Regression,10.2307/1912705,https://doi.org/10.2307/1912705,1988,1988-07-01,Econometrica,2501,No,closed,,https://openalex.org/W2078658856,Statistical Methods and Inference,Statistics and Probability,article,2026-07-24T02:35:38+00:00
410,The Influence Curve and its Role in Robust Estimation,10.1080/01621459.1974.10482962,https://doi.org/10.1080/01621459.1974.10482962,1974,1974-06-01,Journal of the American Statistical Association,2494,No,closed,,https://openalex.org/W1989898472,Advanced Statistical Methods and Models,Statistics and Probability,article,2026-07-24T02:35:38+00:00
411,Estimating the Population Size for Capture-Recapture Data with Unequal Catchability,10.2307/2531532,https://doi.org/10.2307/2531532,1987,1987-12-01,Biometrics,2494,No,closed,,https://openalex.org/W2041457600,Census and Population Estimation,Statistics and Probability,article,2026-07-24T02:35:38+00:00
412,The Predictive Sample Reuse Method with Applications,10.1080/01621459.1975.10479865,https://doi.org/10.1080/01621459.1975.10479865,1975,1975-06-01,Journal of the American Statistical Association,2481,No,closed,,https://openalex.org/W1981251392,Advanced Statistical Methods and Models,Statistics and Probability,article,2026-07-24T02:35:38+00:00
413,Random survival forests,10.1214/08-aoas169,https://doi.org/10.1214/08-aoas169,2008,2008-09-01,The Annals of Applied Statistics,2481,Yes,hybrid,https://projecteuclid.org/journals/annals-of-applied-statistics/volume-2/issue-3/Random-survival-forests/10.1214/08-AOAS169.pdf,https://openalex.org/W2052825782,Statistical Methods and Inference,Statistics and Probability,article,2026-07-24T02:35:38+00:00
414,Multivariate Statistical Methods: A Primer.,10.2307/2291702,https://doi.org/10.2307/2291702,1996,1996-06-01,Journal of the American Statistical Association,2468,No,closed,,https://openalex.org/W2123959143,Advanced Statistical Methods and Models,Statistics and Probability,article,2026-07-24T02:35:38+00:00
415,<b>Amelia</b>II: A Program for Missing Data,10.18637/jss.v045.i07,https://doi.org/10.18637/jss.v045.i07,2011,2011-01-01,Journal of Statistical Software,2460,Yes,diamond,https://doi.org/10.18637/jss.v045.i07,https://openalex.org/W1822348759,Statistical Methods and Inference,Statistics and Probability,article,2026-07-24T02:35:38+00:00
416,Core systems of number,10.1016/j.tics.2004.05.002,https://doi.org/10.1016/j.tics.2004.05.002,2004,2004-06-15,Trends in Cognitive Sciences,2459,No,closed,,https://openalex.org/W2121822954,Cognitive and developmental aspects of mathematical skills,Statistics and Probability,article,2026-07-24T02:35:38+00:00
417,Using the Standardized Difference to Compare the Prevalence of a Binary Variable Between Two Groups in Observational Research,10.1080/03610910902859574,https://doi.org/10.1080/03610910902859574,2009,2009-04-09,Communications in Statistics - Simulation and Computation,2456,No,closed,,https://openalex.org/W2049491523,Advanced Causal Inference Techniques,Statistics and Probability,article,2026-07-24T02:35:38+00:00
418,Straightforward Statistics for the Behavioral Sciences.,10.2307/2291607,https://doi.org/10.2307/2291607,1996,1996-12-01,Journal of the American Statistical Association,2444,No,closed,,https://openalex.org/W2033398965,Statistical Methods and Applications,Statistics and Probability,article,2026-07-24T02:35:38+00:00
419,The Stationary Bootstrap,10.1080/01621459.1994.10476870,https://doi.org/10.1080/01621459.1994.10476870,1994,1994-12-01,Journal of the American Statistical Association,2436,No,closed,,https://openalex.org/W2076396344,Advanced Statistical Methods and Models,Statistics and Probability,article,2026-07-24T02:35:38+00:00
420,<scp>SIMR</scp>: an R package for power analysis of generalized linear mixed models by simulation,10.1111/2041-210x.12504,https://doi.org/10.1111/2041-210x.12504,2015,2015-11-17,Methods in Ecology and Evolution,2434,Yes,bronze,https://onlinelibrary.wiley.com/doi/pdfdirect/10.1111/2041-210X.12504,https://openalex.org/W2200917453,Statistical Methods and Bayesian Inference,Statistics and Probability,article,2026-07-24T02:35:38+00:00
421,Generalized Linear Models,10.2307/1269238,https://doi.org/10.2307/1269238,1992,1992-05-01,Technometrics,2431,No,closed,,https://openalex.org/W3015463134,Statistical Methods and Bayesian Inference,Statistics and Probability,article,2026-07-24T02:35:38+00:00
422,Tutorial in biostatistics: competing risks and multi‐state models,10.1002/sim.2712,https://doi.org/10.1002/sim.2712,2006,2006-10-10,Statistics in Medicine,2430,No,closed,,https://openalex.org/W2057847137,Statistical Methods in Clinical Trials,Statistics and Probability,article,2026-07-24T02:35:38+00:00
423,Estimation and Inference in Econometrics.,10.2307/2290953,https://doi.org/10.2307/2290953,1994,1994-09-01,Journal of the American Statistical Association,2424,No,closed,,https://openalex.org/W2325530759,Advanced Statistical Methods and Models,Statistics and Probability,article,2026-07-24T02:35:38+00:00
424,Comparing correlated correlation coefficients.,10.1037/0033-2909.111.1.172,https://doi.org/10.1037/0033-2909.111.1.172,1992,1992-01-01,Psychological Bulletin,2422,No,closed,,https://openalex.org/W2143834603,Advanced Statistical Methods and Models,Statistics and Probability,article,2026-07-24T02:35:38+00:00
425,Practical Non-Parametric Statistics.,10.2307/2530578,https://doi.org/10.2307/2530578,1981,1981-09-01,Biometrics,2410,No,closed,,https://openalex.org/W2312704740,Advanced Statistical Methods and Models,Statistics and Probability,article,2026-07-24T02:35:38+00:00
426,Principles and Procedures of Statistics.,10.2307/2333165,https://doi.org/10.2307/2333165,1961,1961-06-01,Biometrika,2402,No,closed,,https://openalex.org/W2569758629,Statistics Education and Methodologies,Statistics and Probability,article,2026-07-24T02:35:38+00:00
427,A comparison of inclusive and restrictive strategies in modern missing data procedures.,10.1037/1082-989x.6.4.330,https://doi.org/10.1037/1082-989x.6.4.330,2001,2001-01-01,Psychological Methods,2401,No,closed,,https://openalex.org/W1973907010,Statistical Methods and Bayesian Inference,Statistics and Probability,article,2026-07-24T02:35:38+00:00
428,A SAS Procedure Based on Mixture Models for Estimating Developmental Trajectories,10.1177/0049124101029003005,https://doi.org/10.1177/0049124101029003005,2001,2001-02-01,Sociological Methods & Research,2401,No,closed,,https://openalex.org/W2013071495,Statistical Methods and Bayesian Inference,Statistics and Probability,article,2026-07-24T02:35:38+00:00
429,Beta Regression in<i>R</i>,10.18637/jss.v034.i02,https://doi.org/10.18637/jss.v034.i02,2010,2010-01-01,Journal of Statistical Software,2397,Yes,diamond,https://doi.org/10.18637/jss.v034.i02,https://openalex.org/W2111940674,Statistical Methods and Inference,Statistics and Probability,article,2026-07-24T02:35:38+00:00
430,Causal Effects in Nonexperimental Studies: Reevaluating the Evaluation of Training Programs,10.1080/01621459.1999.10473858,https://doi.org/10.1080/01621459.1999.10473858,1999,1999-12-01,Journal of the American Statistical Association,2393,No,closed,,https://openalex.org/W3122948292,Advanced Causal Inference Techniques,Statistics and Probability,article,2026-07-24T02:35:38+00:00
431,Efficient Estimation of Average Treatment Effects Using the Estimated Propensity Score,10.1111/1468-0262.00442,https://doi.org/10.1111/1468-0262.00442,2003,2003-07-01,Econometrica,2392,No,closed,,https://openalex.org/W3122193054,Advanced Causal Inference Techniques,Statistics and Probability,article,2026-07-24T02:35:38+00:00
432,"Modern Applied Statistics with S,",10.1046/j.1467-9884.2003.t01-19-00383_22.x,https://doi.org/10.1046/j.1467-9884.2003.t01-19-00383_22.x,2003,2003-11-21,Journal of the Royal Statistical Society Series D (The Statistician),2389,No,closed,,https://openalex.org/W2151518054,Advanced Statistical Methods and Models,Statistics and Probability,article,2026-07-24T02:35:38+00:00
433,"Simultaneous analysis of families of sigmoidal curves: application to bioassay, radioligand assay, and physiological dose-response curves.",10.1152/ajpendo.1978.235.2.e97,https://doi.org/10.1152/ajpendo.1978.235.2.e97,1978,1978-08-01,American Journal of Physiology-Endocrinology and Metabolism,2386,No,closed,,https://openalex.org/W1936333617,Statistical Methods in Clinical Trials,Statistics and Probability,article,2026-07-24T02:35:38+00:00
434,Sequential Treatment Assignment with Balancing for Prognostic Factors in the Controlled Clinical Trial,10.2307/2529712,https://doi.org/10.2307/2529712,1975,1975-03-01,Biometrics,2375,No,closed,,https://openalex.org/W2000366267,Statistical Methods in Clinical Trials,Statistics and Probability,article,2026-07-24T02:35:38+00:00
435,An improved Bonferroni procedure for multiple tests of significance,10.1093/biomet/73.3.751,https://doi.org/10.1093/biomet/73.3.751,1986,1986-01-01,Biometrika,2370,No,closed,,https://openalex.org/W2099107563,Statistical Methods in Clinical Trials,Statistics and Probability,article,2026-07-24T02:35:38+00:00
436,Regression Models for Count Data in<i>R</i>,10.18637/jss.v027.i08,https://doi.org/10.18637/jss.v027.i08,2008,2008-01-01,Journal of Statistical Software,2369,Yes,diamond,https://doi.org/10.18637/jss.v027.i08,https://openalex.org/W1863440143,Statistical Methods and Bayesian Inference,Statistics and Probability,article,2026-07-24T02:35:38+00:00
437,The Method of Path Coefficients,10.1214/aoms/1177732676,https://doi.org/10.1214/aoms/1177732676,1934,1934-09-01,The Annals of Mathematical Statistics,2368,Yes,bronze,https://projecteuclid.org/journals/annals-of-mathematical-statistics/volume-5/issue-3/The-Method-of-Path-Coefficients/10.1214/aoms/1177732676.pdf,https://openalex.org/W2055509010,Advanced Statistical Methods and Models,Statistics and Probability,article,2026-07-24T02:35:38+00:00
438,Classical and Modern Regression with Applications,10.2307/1269070,https://doi.org/10.2307/1269070,1991,1991-05-01,Technometrics,2366,No,closed,,https://openalex.org/W4299837303,Advanced Statistical Methods and Models,Statistics and Probability,article,2026-07-24T02:35:38+00:00
439,"Robust Regression: Asymptotics, Conjectures and Monte Carlo",10.1214/aos/1176342503,https://doi.org/10.1214/aos/1176342503,1973,1973-09-01,The Annals of Statistics,2360,Yes,bronze,https://projecteuclid.org/journals/annals-of-statistics/volume-1/issue-5/Robust-Regression-Asymptotics-Conjectures-and-Monte-Carlo/10.1214/aos/1176342503.pdf,https://openalex.org/W2065742895,Advanced Statistical Methods and Models,Statistics and Probability,article,2026-07-24T02:35:38+00:00
440,ON THE LIKELIHOOD THAT ONE UNKNOWN PROBABILITY EXCEEDS ANOTHER IN VIEW OF THE EVIDENCE OF TWO SAMPLES,10.1093/biomet/25.3-4.285,https://doi.org/10.1093/biomet/25.3-4.285,1933,1933-12-01,Biometrika,2359,No,closed,,https://openalex.org/W2039522160,Statistical Methods in Clinical Trials,Statistics and Probability,article,2026-07-24T02:35:38+00:00
441,An invariant form for the prior probability in estimation problems,10.1098/rspa.1946.0056,https://doi.org/10.1098/rspa.1946.0056,1946,1946-09-24,Proceedings of the Royal Society of London A Mathematical and Physical Sciences,2354,No,closed,,https://openalex.org/W2006681603,Advanced Statistical Methods and Models,Statistics and Probability,article,2026-07-24T02:35:38+00:00
442,Causal inference in statistics: An overview,10.1214/09-ss057,https://doi.org/10.1214/09-ss057,2009,2009-01-01,Statistics Surveys,2354,Yes,hybrid,https://projecteuclid.org/journals/statistics-surveys/volume-3/issue-none/Causal-inference-in-statistics-An-overview/10.1214/09-SS057.pdf,https://openalex.org/W2143117649,Advanced Causal Inference Techniques,Statistics and Probability,article,2026-07-24T02:35:38+00:00
443,"A Comparison of Observational Studies and Randomized, Controlled Trials",10.1056/nejm200006223422506,https://doi.org/10.1056/nejm200006223422506,2000,2000-06-22,New England Journal of Medicine,2353,No,closed,,https://openalex.org/W2616141209,Advanced Causal Inference Techniques,Statistics and Probability,article,2026-07-24T02:35:38+00:00
444,The Intraclass Correlation Coefficient as a Measure of Reliability,10.2466/pr0.1966.19.1.3,https://doi.org/10.2466/pr0.1966.19.1.3,1966,1966-08-01,Psychological Reports,2351,No,closed,,https://openalex.org/W2136148671,Advanced Statistical Methods and Models,Statistics and Probability,article,2026-07-24T02:35:38+00:00
445,Multiple Imputation of Missing Values,10.1177/1536867x0400400301,https://doi.org/10.1177/1536867x0400400301,2004,2004-08-01,The Stata Journal Promoting communications on statistics and Stata,2350,Yes,bronze,https://journals.sagepub.com/doi/pdf/10.1177/1536867X0400400301,https://openalex.org/W2161375627,Statistical Methods and Bayesian Inference,Statistics and Probability,article,2026-07-24T02:35:38+00:00
446,Computational Handbook of Statistics.,10.2307/2283756,https://doi.org/10.2307/2283756,1969,1969-03-01,Journal of the American Statistical Association,2344,No,closed,,https://openalex.org/W2067932098,Statistical Methods in Clinical Trials,Statistics and Probability,article,2026-07-24T02:35:38+00:00
447,Variable Selection for Propensity Score Models,10.1093/aje/kwj149,https://doi.org/10.1093/aje/kwj149,2006,2006-04-19,American Journal of Epidemiology,2332,Yes,bronze,https://academic.oup.com/aje/article-pdf/163/12/1149/223159/kwj149.pdf,https://openalex.org/W2168458505,Advanced Causal Inference Techniques,Statistics and Probability,article,2026-07-24T02:35:38+00:00
448,Multivariate Data Analysis.,10.2307/2983024,https://doi.org/10.2307/2983024,1988,1988-01-01,Journal of the Royal Statistical Society Series A (Statistics in Society),2330,No,closed,,https://openalex.org/W2327665041,Advanced Statistical Methods and Models,Statistics and Probability,article,2026-07-24T02:35:38+00:00
449,Bootstrap confidence intervals,10.1214/ss/1032280214,https://doi.org/10.1214/ss/1032280214,1996,1996-09-01,Statistical Science,2319,Yes,bronze,https://projecteuclid.org/journals/statistical-science/volume-11/issue-3/Bootstrap-confidence-intervals/10.1214/ss/1032280214.pdf,https://openalex.org/W1507985183,Advanced Statistical Methods and Models,Statistics and Probability,article,2026-07-24T02:35:38+00:00
450,Analysis of Complex Survey Samples,10.18637/jss.v009.i08,https://doi.org/10.18637/jss.v009.i08,2004,2004-01-01,Journal of Statistical Software,2319,Yes,diamond,https://doi.org/10.18637/jss.v009.i08,https://openalex.org/W1918432791,Statistical Methods and Bayesian Inference,Statistics and Probability,article,2026-07-24T02:35:38+00:00
451,The Case-Crossover Design: A Method for Studying Transient Effects on the Risk of Acute Events,10.1093/oxfordjournals.aje.a115853,https://doi.org/10.1093/oxfordjournals.aje.a115853,1991,1991-01-15,American Journal of Epidemiology,2318,No,closed,,https://openalex.org/W2136527705,Advanced Causal Inference Techniques,Statistics and Probability,article,2026-07-24T02:35:38+00:00
452,Counting Processes and Survival Analysis.,10.2307/2290673,https://doi.org/10.2307/2290673,1992,1992-12-01,Journal of the American Statistical Association,2317,No,closed,,https://openalex.org/W2057968703,Statistical Distribution Estimation and Applications,Statistics and Probability,article,2026-07-24T02:35:38+00:00
453,IX. On the problem of the most efficient tests of statistical hypotheses,10.1098/rsta.1933.0009,https://doi.org/10.1098/rsta.1933.0009,1933,1933-02-16,Philosophical Transactions of the Royal Society of London Series A Containing Papers of a Mathematical or Physical Character,2317,Yes,diamond,https://doi.org/10.1098/rsta.1933.0009,https://openalex.org/W2993330478,Probability and Statistical Research,Statistics and Probability,article,2026-07-24T02:35:38+00:00
454,The positive false discovery rate: a Bayesian interpretation and the q-value,10.1214/aos/1074290335,https://doi.org/10.1214/aos/1074290335,2003,2003-12-01,The Annals of Statistics,2316,Yes,bronze,https://projecteuclid.org/journals/annals-of-statistics/volume-31/issue-6/The-positive-false-discovery-rate--a-Bayesian-interpretation-and/10.1214/aos/1074290335.pdf,https://openalex.org/W2125905177,Statistical Methods in Clinical Trials,Statistics and Probability,article,2026-07-24T02:35:38+00:00
455,Estimating regression models with unknown break‐points,10.1002/sim.1545,https://doi.org/10.1002/sim.1545,2003,2003-09-08,Statistics in Medicine,2316,No,closed,,https://openalex.org/W2136464549,Advanced Statistical Methods and Models,Statistics and Probability,article,2026-07-24T02:35:38+00:00
456,Is working memory capacity task dependent?,10.1016/0749-596x(89)90040-5,https://doi.org/10.1016/0749-596x(89)90040-5,1989,1989-04-01,Journal of Memory and Language,2315,No,closed,,https://openalex.org/W1997544838,Cognitive and developmental aspects of mathematical skills,Statistics and Probability,article,2026-07-24T02:35:38+00:00
457,Estimation of Dynamic Models with Error Components,10.1080/01621459.1981.10477691,https://doi.org/10.1080/01621459.1981.10477691,1981,1981-09-01,Journal of the American Statistical Association,2315,Yes,bronze,https://www.tandfonline.com/doi/abs/10.1080/01621459.1981.10477691,https://openalex.org/W2164359947,Statistical Methods and Inference,Statistics and Probability,article,2026-07-24T02:35:38+00:00
458,Design and analysis of randomized clinical trials requiring prolonged observation of each patient. I. Introduction and design,10.1038/bjc.1976.220,https://doi.org/10.1038/bjc.1976.220,1976,1976-12-01,British Journal of Cancer,2314,Yes,green,https://www.ncbi.nlm.nih.gov/pmc/articles/2025229,https://openalex.org/W2013256551,Statistical Methods in Clinical Trials,Statistics and Probability,article,2026-07-24T02:35:38+00:00
459,"Analyzing developmental trajectories: A semiparametric, group-based approach.",10.1037/1082-989x.4.2.139,https://doi.org/10.1037/1082-989x.4.2.139,1999,1999-06-01,Psychological Methods,2313,No,closed,,https://openalex.org/W2072221629,Statistical Methods and Bayesian Inference,Statistics and Probability,article,2026-07-24T02:35:38+00:00
460,Stopping Rules in Principal Components Analysis: A Comparison of Heuristical and Statistical Approaches,10.2307/1939574,https://doi.org/10.2307/1939574,1993,1993-12-01,Ecology,2313,No,closed,,https://openalex.org/W2148654450,Statistical Methods and Applications,Statistics and Probability,article,2026-07-24T02:35:38+00:00
461,Detection of Influential Observation in Linear Regression,10.2307/1271434,https://doi.org/10.2307/1271434,2000,2000-02-01,Technometrics,2310,No,closed,,https://openalex.org/W1998613841,Advanced Statistical Methods and Models,Statistics and Probability,article,2026-07-24T02:35:38+00:00
462,A modified test for small‐study effects in meta‐analyses of controlled trials with binary endpoints,10.1002/sim.2380,https://doi.org/10.1002/sim.2380,2005,2005-12-12,Statistics in Medicine,2307,No,closed,,https://openalex.org/W2039418122,Statistical Methods in Clinical Trials,Statistics and Probability,article,2026-07-24T02:35:38+00:00
463,Science and Statistics,10.1080/01621459.1976.10480949,https://doi.org/10.1080/01621459.1976.10480949,1976,1976-12-01,Journal of the American Statistical Association,2301,No,closed,,https://openalex.org/W2145860152,Statistics Education and Methodologies,Statistics and Probability,article,2026-07-24T02:35:38+00:00
464,Measuring and testing dependence by correlation of distances,10.1214/009053607000000505,https://doi.org/10.1214/009053607000000505,2007,2007-12-01,The Annals of Statistics,2300,Yes,bronze,https://projecteuclid.org/journals/annals-of-statistics/volume-35/issue-6/Measuring-and-testing-dependence-by-correlation-of-distances/10.1214/009053607000000505.pdf,https://openalex.org/W2145979309,Statistical Methods and Inference,Statistics and Probability,article,2026-07-24T02:35:38+00:00
465,Statistical Theory of the Energy Levels of Complex Systems. I,10.1063/1.1703773,https://doi.org/10.1063/1.1703773,1962,1962-01-01,Journal of Mathematical Physics,2297,No,closed,,https://openalex.org/W2049587182,Random Matrices and Applications,Statistics and Probability,article,2026-07-24T02:35:38+00:00
466,The Relations Among Inhibition and Interference Control Functions: A Latent-Variable Analysis.,10.1037/0096-3445.133.1.101,https://doi.org/10.1037/0096-3445.133.1.101,2004,2004-02-23,Journal of Experimental Psychology General,2296,No,closed,,https://openalex.org/W1998378497,Cognitive and developmental aspects of mathematical skills,Statistics and Probability,article,2026-07-24T02:35:38+00:00
467,Introduction to the Practice of Statistics,10.1198/tech.2004.s753,https://doi.org/10.1198/tech.2004.s753,2004,2004-02-01,Technometrics,2293,No,closed,,https://openalex.org/W2014296507,Statistics Education and Methodologies,Statistics and Probability,article,2026-07-24T02:35:38+00:00
468,Latent Class Modeling with Covariates: Two Improved Three-Step Approaches,10.1093/pan/mpq025,https://doi.org/10.1093/pan/mpq025,2010,2010-01-01,Political Analysis,2288,No,closed,,https://openalex.org/W2018516812,Survey Sampling and Estimation Techniques,Statistics and Probability,article,2026-07-24T02:35:38+00:00
469,Semiparametric Difference-in-Differences Estimators,10.1111/0034-6527.00321,https://doi.org/10.1111/0034-6527.00321,2004,2004-12-24,The Review of Economic Studies,2279,No,closed,,https://openalex.org/W1998653759,Advanced Causal Inference Techniques,Statistics and Probability,article,2026-07-24T02:35:38+00:00
470,Econometric Issues in the Analysis of Regressions with Generated Regressors,10.2307/2648877,https://doi.org/10.2307/2648877,1984,1984-02-01,International Economic Review,2276,No,closed,,https://openalex.org/W2064360179,Advanced Statistical Methods and Models,Statistics and Probability,article,2026-07-24T02:35:38+00:00
471,Tests of statistical hypotheses concerning several parameters when the number of observations is large,10.1090/s0002-9947-1943-0012401-3,https://doi.org/10.1090/s0002-9947-1943-0012401-3,1943,1943-01-01,Transactions of the American Mathematical Society,2272,Yes,bronze,https://www.ams.org/tran/1943-054-03/S0002-9947-1943-0012401-3/S0002-9947-1943-0012401-3.pdf,https://openalex.org/W2016966976,Advanced Statistical Methods and Models,Statistics and Probability,article,2026-07-24T02:35:38+00:00
472,A solution to the problem of separation in logistic regression,10.1002/sim.1047,https://doi.org/10.1002/sim.1047,2002,2002-07-26,Statistics in Medicine,2263,No,closed,,https://openalex.org/W2013416277,Advanced Statistical Methods and Models,Statistics and Probability,article,2026-07-24T02:35:38+00:00
473,Regularized Discriminant Analysis,10.1080/01621459.1989.10478752,https://doi.org/10.1080/01621459.1989.10478752,1989,1989-03-01,Journal of the American Statistical Association,2260,Yes,green,https://www.osti.gov/biblio/1448390,https://openalex.org/W2046649434,Advanced Statistical Methods and Models,Statistics and Probability,article,2026-07-24T02:35:38+00:00
474,Modeling and variable selection in epidemiologic analysis.,10.2105/ajph.79.3.340,https://doi.org/10.2105/ajph.79.3.340,1989,1989-03-01,American Journal of Public Health,2235,Yes,bronze,http://ajph.aphapublications.org/doi/pdf/10.2105/AJPH.79.3.340,https://openalex.org/W1997013992,Advanced Causal Inference Techniques,Statistics and Probability,article,2026-07-24T02:35:38+00:00
475,Efficient Analysis of Experimental Observations,10.1146/annurev.pa.20.040180.002301,https://doi.org/10.1146/annurev.pa.20.040180.002301,1980,1980-04-01,The Annual Review of Pharmacology and Toxicology,2234,No,closed,,https://openalex.org/W2103351070,Statistical Methods and Inference,Statistics and Probability,article,2026-07-24T02:35:38+00:00
476,Classification and regression trees,10.1002/widm.8,https://doi.org/10.1002/widm.8,2011,2011-01-01,Wiley Interdisciplinary Reviews Data Mining and Knowledge Discovery,2230,No,closed,,https://openalex.org/W2016023958,Advanced Statistical Methods and Models,Statistics and Probability,article,2026-07-24T02:35:38+00:00
477,Statistical Analysis in Psychology and Education.,10.2307/2283699,https://doi.org/10.2307/2283699,1967,1967-09-01,Journal of the American Statistical Association,2230,No,closed,,https://openalex.org/W2065546066,Statistics Education and Methodologies,Statistics and Probability,article,2026-07-24T02:35:38+00:00
478,Variations of Box Plots,10.1080/00031305.1978.10479236,https://doi.org/10.1080/00031305.1978.10479236,1978,1978-02-01,The American Statistician,2227,No,closed,,https://openalex.org/W1964146567,Statistics Education and Methodologies,Statistics and Probability,article,2026-07-24T02:35:38+00:00
479,Some aspects of the sequential design of experiments,10.1090/s0002-9904-1952-09620-8,https://doi.org/10.1090/s0002-9904-1952-09620-8,1952,1952-01-01,Bulletin of the American Mathematical Society,2227,Yes,diamond,https://www.ams.org/bull/1952-58-05/S0002-9904-1952-09620-8/S0002-9904-1952-09620-8.pdf,https://openalex.org/W1998498767,Advanced Statistical Methods and Models,Statistics and Probability,article,2026-07-24T02:35:38+00:00
480,Unconditional Quantile Regressions,10.3982/ecta6822,https://doi.org/10.3982/ecta6822,2009,2009-01-01,Econometrica,2224,No,closed,,https://openalex.org/W2112231177,Statistical Methods and Inference,Statistics and Probability,article,2026-07-24T02:35:38+00:00
481,Multivariate Data Analysis,10.1080/00401706.1973.10489095,https://doi.org/10.1080/00401706.1973.10489095,1973,1973-08-01,Technometrics,2214,No,closed,,https://openalex.org/W1981381864,Advanced Statistical Methods and Models,Statistics and Probability,article,2026-07-24T02:35:38+00:00
482,Statistical Analysis of Correlated Data Using Generalized Estimating Equations: An Orientation,10.1093/aje/kwf215,https://doi.org/10.1093/aje/kwf215,2003,2003-02-12,American Journal of Epidemiology,2206,Yes,bronze,https://academic.oup.com/aje/article-pdf/157/4/364/178333/kwf215.pdf,https://openalex.org/W2133959349,Statistical Methods and Bayesian Inference,Statistics and Probability,article,2026-07-24T02:35:38+00:00
483,Relative Importance for Linear Regression in<i>R</i>: The Package<b>relaimpo</b>,10.18637/jss.v017.i01,https://doi.org/10.18637/jss.v017.i01,2006,2006-01-01,Journal of Statistical Software,2202,Yes,diamond,https://doi.org/10.18637/jss.v017.i01,https://openalex.org/W1795468129,Statistical Methods and Inference,Statistics and Probability,article,2026-07-24T02:35:38+00:00
484,Optimal Bandwidth Choice for the Regression Discontinuity Estimator,10.1093/restud/rdr043,https://doi.org/10.1093/restud/rdr043,2011,2011-11-24,The Review of Economic Studies,2202,Yes,hybrid,https://doi.org/10.1093/restud/rdr043,https://openalex.org/W2145411167,Statistical Methods and Inference,Statistics and Probability,article,2026-07-24T02:35:38+00:00
485,Principled missing data methods for researchers,10.1186/2193-1801-2-222,https://doi.org/10.1186/2193-1801-2-222,2013,2013-05-14,SpringerPlus,2198,Yes,diamond,https://springerplus.springeropen.com/counter/pdf/10.1186/2193-1801-2-222,https://openalex.org/W2139075905,Statistical Methods and Bayesian Inference,Statistics and Probability,article,2026-07-24T02:35:38+00:00
486,Brownian motion and stochastic calculus,10.1007/bf00046894,https://doi.org/10.1007/bf00046894,1991,1991-08-01,Acta Applicandae Mathematicae,2194,No,closed,,https://openalex.org/W1577527822,Probability and Statistical Research,Statistics and Probability,article,2026-07-24T02:35:38+00:00
487,Multivariate Statistical Methods.,10.2307/2344930,https://doi.org/10.2307/2344930,1977,1977-01-01,Journal of the Royal Statistical Society Series A (General),2190,No,closed,,https://openalex.org/W4289256183,Advanced Statistical Methods and Models,Statistics and Probability,article,2026-07-24T02:35:38+00:00
488,Causal Inference Using Potential Outcomes,10.1198/016214504000001880,https://doi.org/10.1198/016214504000001880,2005,2005-02-10,Journal of the American Statistical Association,2189,No,closed,,https://openalex.org/W1516659296,Advanced Causal Inference Techniques,Statistics and Probability,article,2026-07-24T02:35:38+00:00
489,Multiple imputation of missing blood pressure covariates in survival analysis,10.1002/(sici)1097-0258(19990330)18:6<681::aid-sim71>3.0.co;2-r,https://doi.org/10.1002/(sici)1097-0258(19990330)18:6<681::aid-sim71>3.0.co;2-r,1999,1999-03-30,Statistics in Medicine,2189,No,closed,,https://openalex.org/W2113559481,Statistical Methods and Inference,Statistics and Probability,article,2026-07-24T02:35:38+00:00
490,Using Propensity Scores to Help Design Observational Studies: Application to the Tobacco Litigation,10.1023/a:1020363010465,https://doi.org/10.1023/a:1020363010465,2001,2001-12-01,Health Services and Outcomes Research Methodology,2189,No,closed,,https://openalex.org/W2597503617,Advanced Causal Inference Techniques,Statistics and Probability,article,2026-07-24T02:35:38+00:00
491,Stability Selection,10.1111/j.1467-9868.2010.00740.x,https://doi.org/10.1111/j.1467-9868.2010.00740.x,2010,2010-07-07,Journal of the Royal Statistical Society Series B (Statistical Methodology),2186,No,closed,,https://openalex.org/W2562162676,Statistical Methods and Inference,Statistics and Probability,article,2026-07-24T02:35:38+00:00
492,Statistical Methods for Research Workers.,10.2307/2341488,https://doi.org/10.2307/2341488,1926,1926-01-01,Journal Of The Royal Statistical Society,2183,No,closed,,https://openalex.org/W4300944962,Statistics Education and Methodologies,Statistics and Probability,article,2026-07-24T02:35:38+00:00
493,Distance software: design and analysis of distance sampling surveys for estimating population size,10.1111/j.1365-2664.2009.01737.x,https://doi.org/10.1111/j.1365-2664.2009.01737.x,2009,2009-11-17,Journal of Applied Ecology,2178,Yes,bronze,https://onlinelibrary.wiley.com/doi/pdfdirect/10.1111/j.1365-2664.2009.01737.x,https://openalex.org/W2150466677,Survey Sampling and Estimation Techniques,Statistics and Probability,article,2026-07-24T02:35:38+00:00
494,Detection of Influential Observation in Linear Regression,10.1080/00401706.1977.10489493,https://doi.org/10.1080/00401706.1977.10489493,1977,1977-02-01,Technometrics,2178,No,closed,,https://openalex.org/W4233620411,Advanced Statistical Methods and Models,Statistics and Probability,article,2026-07-24T02:35:38+00:00
495,Modelling for Survival Data in Medical Research,10.1080/00401706.1995.10485920,https://doi.org/10.1080/00401706.1995.10485920,1995,1995-02-01,Technometrics,2174,No,closed,,https://openalex.org/W2160571019,Statistical Methods and Inference,Statistics and Probability,article,2026-07-24T02:35:38+00:00
496,Understanding predictive information criteria for Bayesian models,10.1007/s11222-013-9416-2,https://doi.org/10.1007/s11222-013-9416-2,2013,2013-08-19,Statistics and Computing,2173,No,closed,,https://openalex.org/W2130902307,Statistical Methods and Bayesian Inference,Statistics and Probability,article,2026-07-24T02:35:38+00:00
497,Further analysis of the data by Akaike's information criterion and the finite corrections,10.1080/03610927808827599,https://doi.org/10.1080/03610927808827599,1978,1978-01-01,Communication in Statistics- Theory and Methods,2169,No,closed,,https://openalex.org/W1598813349,Advanced Statistical Methods and Models,Statistics and Probability,article,2026-07-24T02:35:38+00:00
498,Estimating the Error Rate of a Prediction Rule: Improvement on Cross-Validation,10.1080/01621459.1983.10477973,https://doi.org/10.1080/01621459.1983.10477973,1983,1983-06-01,Journal of the American Statistical Association,2166,No,closed,,https://openalex.org/W2040615655,Advanced Statistical Methods and Models,Statistics and Probability,article,2026-07-24T02:35:38+00:00
499,Importance of events per independent variable in proportional hazards regression analysis II. Accuracy and precision of regression estimates,10.1016/0895-4356(95)00048-8,https://doi.org/10.1016/0895-4356(95)00048-8,1995,1995-12-01,Journal of Clinical Epidemiology,2152,Yes,hybrid,https://doi.org/10.1016/0895-4356(95)00048-8,https://openalex.org/W2008706768,Statistical Methods and Bayesian Inference,Statistics and Probability,article,2026-07-24T02:35:38+00:00
500,Mediation analysis allowing for exposure–mediator interactions and causal interpretation: Theoretical assumptions and implementation with SAS and SPSS macros.,10.1037/a0031034,https://doi.org/10.1037/a0031034,2013,2013-02-04,Psychological Methods,2146,Yes,hybrid,https://doi.org/10.1037/a0031034,https://openalex.org/W2005441291,Advanced Causal Inference Techniques,Statistics and Probability,article,2026-07-24T02:35:38+00:00
501,Statistical Analysis with Missing Data,10.2307/1533221,https://doi.org/10.2307/1533221,1988,1988-11-01,Population,2142,No,closed,,https://openalex.org/W2313407065,Statistical Methods and Bayesian Inference,Statistics and Probability,article,2026-07-24T02:35:38+00:00
502,Statistical Methods for the Social Sciences,10.2307/2670147,https://doi.org/10.2307/2670147,1998,1998-06-01,Journal of the American Statistical Association,2139,No,closed,,https://openalex.org/W2044233129,Statistics Education and Methodologies,Statistics and Probability,article,2026-07-24T02:35:38+00:00
503,FORWARD SELECTION OF EXPLANATORY VARIABLES,10.1890/07-0986.1,https://doi.org/10.1890/07-0986.1,2008,2008-09-01,Ecology,2131,No,closed,,https://openalex.org/W1988619277,Statistical Methods and Applications,Statistics and Probability,article,2026-07-24T02:35:38+00:00
504,The Complexity of Enumeration and Reliability Problems,10.1137/0208032,https://doi.org/10.1137/0208032,1979,1979-08-01,SIAM Journal on Computing,2130,No,closed,,https://openalex.org/W2115826669,Markov Chains and Monte Carlo Methods,Statistics and Probability,article,2026-07-24T02:35:38+00:00
505,Quantile regression for longitudinal data,10.1016/j.jmva.2004.05.006,https://doi.org/10.1016/j.jmva.2004.05.006,2004,2004-07-22,Journal of Multivariate Analysis,2126,No,closed,,https://openalex.org/W1981463702,Statistical Methods and Inference,Statistics and Probability,article,2026-07-24T02:35:38+00:00
506,Robust regression using iteratively reweighted least-squares,10.1080/03610927708827533,https://doi.org/10.1080/03610927708827533,1977,1977-01-01,Communication in Statistics- Theory and Methods,2118,No,closed,,https://openalex.org/W2050551672,Advanced Statistical Methods and Models,Statistics and Probability,article,2026-07-24T02:35:38+00:00
507,Estimating the Relative Risk in Cohort Studies and Clinical Trials of Common Outcomes,10.1093/aje/kwg074,https://doi.org/10.1093/aje/kwg074,2003,2003-05-13,American Journal of Epidemiology,2112,No,closed,,https://openalex.org/W2153941399,Statistical Methods and Inference,Statistics and Probability,article,2026-07-24T02:35:38+00:00
508,Power and sample size calculations,10.1016/0197-2456(90)90005-m,https://doi.org/10.1016/0197-2456(90)90005-m,1990,1990-04-01,Controlled Clinical Trials,2111,No,closed,,https://openalex.org/W1984170705,Statistical Methods and Bayesian Inference,Statistics and Probability,article,2026-07-24T02:35:38+00:00
509,More Comments on<i>C<sub>p</sub></i>,10.1080/00401706.1995.10484370,https://doi.org/10.1080/00401706.1995.10484370,1995,1995-11-01,Technometrics,2109,No,closed,,https://openalex.org/W1506069954,Advanced Statistical Methods and Models,Statistics and Probability,article,2026-07-24T02:35:38+00:00
510,Random Matrix Theory and Wireless Communications,10.1561/0100000001,https://doi.org/10.1561/0100000001,2004,2004-01-07,Foundations and Trends® in Communications and Information Theory,2108,No,closed,,https://openalex.org/W2072184935,Random Matrices and Applications,Statistics and Probability,article,2026-07-24T02:35:38+00:00
511,Projection Pursuit Regression,10.1080/01621459.1981.10477729,https://doi.org/10.1080/01621459.1981.10477729,1981,1981-12-01,Journal of the American Statistical Association,2107,Yes,green,https://www.osti.gov/biblio/1445517,https://openalex.org/W2091886411,Advanced Statistical Methods and Models,Statistics and Probability,article,2026-07-24T02:35:38+00:00
512,The Number Sense: How the Mind Creates Mathematics.,10.2307/2589308,https://doi.org/10.2307/2589308,1998,1998-12-01,American Mathematical Monthly,2099,No,closed,,https://openalex.org/W2481238518,Cognitive and developmental aspects of mathematical skills,Statistics and Probability,article,2026-07-24T02:35:38+00:00
513,Statistical Methods for Comparing Regression Coefficients Between Models,10.1086/230638,https://doi.org/10.1086/230638,1995,1995-03-01,American Journal of Sociology,2098,No,closed,,https://openalex.org/W2062337042,Statistical Methods and Bayesian Inference,Statistics and Probability,article,2026-07-24T02:35:38+00:00
514,The Visual Display of Quantitative Information.,10.2307/2288294,https://doi.org/10.2307/2288294,1984,1984-06-01,Journal of the American Statistical Association,2090,No,closed,,https://openalex.org/W4299298909,Statistics Education and Methodologies,Statistics and Probability,article,2026-07-24T02:35:38+00:00
515,Time required for Judgements of Numerical Inequality,10.1038/2151519a0,https://doi.org/10.1038/2151519a0,1967,1967-09-01,Nature,2089,No,closed,,https://openalex.org/W2001569942,Cognitive and developmental aspects of mathematical skills,Statistics and Probability,article,2026-07-24T02:35:38+00:00
516,Hypothesis testing when a nuisance parameter is present only under the alternative,10.1093/biomet/74.1.33,https://doi.org/10.1093/biomet/74.1.33,1987,1987-01-01,Biometrika,2078,No,closed,,https://openalex.org/W2131940376,Advanced Statistical Methods and Models,Statistics and Probability,article,2026-07-24T02:35:38+00:00
517,"A theory of magnitude: common cortical metrics of time, space and quantity",10.1016/j.tics.2003.09.002,https://doi.org/10.1016/j.tics.2003.09.002,2003,2003-09-23,Trends in Cognitive Sciences,2077,No,closed,,https://openalex.org/W2044608318,Cognitive and developmental aspects of mathematical skills,Statistics and Probability,article,2026-07-24T02:35:38+00:00
518,Nonparametrics: Statistical Methods Based on Ranks.,10.2307/2529529,https://doi.org/10.2307/2529529,1976,1976-06-01,Biometrics,2070,No,closed,,https://openalex.org/W3015973740,Statistical Methods and Inference,Statistics and Probability,article,2026-07-24T02:35:38+00:00
519,Stable and Efficient Multiple Smoothing Parameter Estimation for Generalized Additive Models,10.1198/016214504000000980,https://doi.org/10.1198/016214504000000980,2004,2004-08-24,Journal of the American Statistical Association,2067,Yes,hybrid,https://www.tandfonline.com/doi/abs/10.1198/016214504000000980,https://openalex.org/W2009499611,Advanced Statistical Methods and Models,Statistics and Probability,article,2026-07-24T02:35:38+00:00
520,Practical Markov Chain Monte Carlo,10.1214/ss/1177011137,https://doi.org/10.1214/ss/1177011137,1992,1992-11-01,Statistical Science,2064,No,closed,,https://openalex.org/W2048971218,Markov Chains and Monte Carlo Methods,Statistics and Probability,article,2026-07-24T02:35:38+00:00
521,Equivalence Tests,10.1177/1948550617697177,https://doi.org/10.1177/1948550617697177,2017,2017-05-01,Social Psychological and Personality Science,2062,Yes,green,https://pure.tue.nl/ws/files/80918653/lakeequi2017.pdf,https://openalex.org/W2610765860,Statistical Methods in Clinical Trials,Statistics and Probability,article,2026-07-24T02:35:38+00:00
522,Robust Locally Weighted Regression and Smoothing Scatterplots,10.2307/2286407,https://doi.org/10.2307/2286407,1979,1979-12-01,Journal of the American Statistical Association,2061,No,closed,,https://openalex.org/W4253016408,Advanced Statistical Methods and Models,Statistics and Probability,article,2026-07-24T02:35:38+00:00
523,Particle Markov Chain Monte Carlo Methods,10.1111/j.1467-9868.2009.00736.x,https://doi.org/10.1111/j.1467-9868.2009.00736.x,2010,2010-05-20,Journal of the Royal Statistical Society Series B (Statistical Methodology),2060,Yes,bronze,https://academic.oup.com/jrsssb/article-pdf/72/3/269/49515565/jrsssb_72_3_269.pdf,https://openalex.org/W1501586228,Markov Chains and Monte Carlo Methods,Statistics and Probability,article,2026-07-24T02:35:38+00:00
524,Applied and Computational Complex Analysis,10.2307/2005805,https://doi.org/10.2307/2005805,1977,1977-01-01,Mathematics of Computation,2060,No,closed,,https://openalex.org/W2023413246,Markov Chains and Monte Carlo Methods,Statistics and Probability,article,2026-07-24T02:35:38+00:00
525,A model for association in bivariate life tables and its application in epidemiological studies of familial tendency in chronic disease incidence,10.1093/biomet/65.1.141,https://doi.org/10.1093/biomet/65.1.141,1978,1978-01-01,Biometrika,2056,No,closed,,https://openalex.org/W2054957279,Advanced Causal Inference Techniques,Statistics and Probability,article,2026-07-24T02:35:38+00:00
526,Accurate Approximations for Posterior Moments and Marginal Densities,10.1080/01621459.1986.10478240,https://doi.org/10.1080/01621459.1986.10478240,1986,1986-03-01,Journal of the American Statistical Association,2047,No,closed,,https://openalex.org/W2017696952,Statistical Methods and Bayesian Inference,Statistics and Probability,article,2026-07-24T02:35:38+00:00
527,Practical selection of SVM parameters and noise estimation for SVM regression,10.1016/s0893-6080(03)00169-2,https://doi.org/10.1016/s0893-6080(03)00169-2,2003,2003-07-16,Neural Networks,2046,No,closed,,https://openalex.org/W2158994553,Advanced Statistical Methods and Models,Statistics and Probability,article,2026-07-24T02:35:38+00:00
528,On the distribution of the largest eigenvalue in principal components analysis,10.1214/aos/1009210544,https://doi.org/10.1214/aos/1009210544,2001,2001-04-01,The Annals of Statistics,2045,Yes,bronze,https://projecteuclid.org/journals/annals-of-statistics/volume-29/issue-2/On-the-distribution-of-the-largest-eigenvalue-in-principal-components/10.1214/aos/1009210544.pdf,https://openalex.org/W1520752838,Random Matrices and Applications,Statistics and Probability,article,2026-07-24T02:35:38+00:00
529,Bayes Estimates for the Linear Model,10.1111/j.2517-6161.1972.tb00885.x,https://doi.org/10.1111/j.2517-6161.1972.tb00885.x,1972,1972-09-01,Journal of the Royal Statistical Society Series B (Statistical Methodology),2041,No,closed,,https://openalex.org/W128740895,Advanced Statistical Methods and Models,Statistics and Probability,article,2026-07-24T02:35:38+00:00
530,Surrogate endpoints in clinical trials: Definition and operational criteria,10.1002/sim.4780080407,https://doi.org/10.1002/sim.4780080407,1989,1989-04-01,Statistics in Medicine,2040,No,closed,,https://openalex.org/W2155949904,Statistical Methods in Clinical Trials,Statistics and Probability,article,2026-07-24T02:35:38+00:00
531,Population Marginal Means in the Linear Model: An Alternative to Least Squares Means,10.1080/00031305.1980.10483031,https://doi.org/10.1080/00031305.1980.10483031,1980,1980-11-01,The American Statistician,2030,No,closed,,https://openalex.org/W2063588175,Advanced Statistical Methods and Models,Statistics and Probability,article,2026-07-24T02:35:38+00:00
532,Empirical likelihood ratio confidence intervals for a single functional,10.1093/biomet/75.2.237,https://doi.org/10.1093/biomet/75.2.237,1988,1988-01-01,Biometrika,2024,No,closed,,https://openalex.org/W2116855184,Advanced Statistical Methods and Models,Statistics and Probability,article,2026-07-24T02:35:38+00:00
533,Table for Estimating the Goodness of Fit of Empirical Distributions,10.1214/aoms/1177730256,https://doi.org/10.1214/aoms/1177730256,1948,1948-06-01,The Annals of Mathematical Statistics,2023,Yes,bronze,https://projecteuclid.org/journals/annals-of-mathematical-statistics/volume-19/issue-2/Table-for-Estimating-the-Goodness-of-Fit-of-Empirical-Distributions/10.1214/aoms/1177730256.pdf,https://openalex.org/W1974971448,Advanced Statistical Methods and Models,Statistics and Probability,article,2026-07-24T02:35:38+00:00
534,Cross-Sectional Studies,10.1016/j.chest.2020.03.012,https://doi.org/10.1016/j.chest.2020.03.012,2020,2020-07-01,CHEST Journal,2023,Yes,bronze,http://journal.chestnet.org/article/S0012369220304621/pdf,https://openalex.org/W3039445169,Advanced Causal Inference Techniques,Statistics and Probability,article,2026-07-24T02:35:38+00:00
535,Comparative fit indexes in structural models.,10.1037//0033-2909.107.2.238,https://doi.org/10.1037//0033-2909.107.2.238,1990,1990-01-01,Psychological Bulletin,2020,No,closed,,https://openalex.org/W4234806525,Statistical Methods and Applications,Statistics and Probability,article,2026-07-24T02:35:38+00:00
536,Balancing Type I error and power in linear mixed models,10.1016/j.jml.2017.01.001,https://doi.org/10.1016/j.jml.2017.01.001,2017,2017-02-10,Journal of Memory and Language,2002,Yes,hybrid,https://doi.org/10.1016/j.jml.2017.01.001,https://openalex.org/W2123565526,Statistical Methods and Inference,Statistics and Probability,article,2026-07-24T02:35:38+00:00
537,The Dip Test of Unimodality,10.1214/aos/1176346577,https://doi.org/10.1214/aos/1176346577,1985,1985-03-01,The Annals of Statistics,1996,Yes,bronze,https://projecteuclid.org/journals/annals-of-statistics/volume-13/issue-1/The-Dip-Test-of-Unimodality/10.1214/aos/1176346577.pdf,https://openalex.org/W1997817740,Advanced Statistical Methods and Models,Statistics and Probability,article,2026-07-24T02:35:38+00:00
538,A Primer of Multivariate Statistics,10.2307/2529445,https://doi.org/10.2307/2529445,1975,1975-06-01,Biometrics,1994,No,closed,,https://openalex.org/W2093949644,Statistical Methods and Applications,Statistics and Probability,article,2026-07-24T02:35:38+00:00
539,Doubly Robust Estimation in Missing Data and Causal Inference Models,10.1111/j.1541-0420.2005.00377.x,https://doi.org/10.1111/j.1541-0420.2005.00377.x,2005,2005-12-01,Biometrics,1994,No,closed,,https://openalex.org/W2137370054,Advanced Causal Inference Techniques,Statistics and Probability,article,2026-07-24T02:35:38+00:00
540,Statistical Methods for Medical and Biological Students,10.1093/ptj/21.2.124c,https://doi.org/10.1093/ptj/21.2.124c,1941,1941-03-01,Physical Therapy,1992,No,closed,,https://openalex.org/W2545763371,Statistics Education and Methodologies,Statistics and Probability,article,2026-07-24T02:35:38+00:00
541,Markov Chain Monte Carlo Convergence Diagnostics: A Comparative Review,10.1080/01621459.1996.10476956,https://doi.org/10.1080/01621459.1996.10476956,1996,1996-06-01,Journal of the American Statistical Association,1989,No,closed,,https://openalex.org/W2102862543,Statistical Methods and Inference,Statistics and Probability,article,2026-07-24T02:35:38+00:00
542,An Introduction to Categorical Data Analysis,10.1016/s0167-9473(97)84760-3,https://doi.org/10.1016/s0167-9473(97)84760-3,1997,1997-02-01,Computational Statistics & Data Analysis,1985,No,closed,,https://openalex.org/W1516756414,Advanced Statistical Methods and Models,Statistics and Probability,article,2026-07-24T02:35:38+00:00
543,Varieties of numerical abilities,10.1016/0010-0277(92)90049-n,https://doi.org/10.1016/0010-0277(92)90049-n,1992,1992-01-01,Cognition,1985,No,closed,,https://openalex.org/W2075953930,Cognitive and developmental aspects of mathematical skills,Statistics and Probability,article,2026-07-24T02:35:38+00:00
544,The Foundations of Statistics,10.2307/3615588,https://doi.org/10.2307/3615588,1973,1973-10-01,The Mathematical Gazette,1984,No,closed,,https://openalex.org/W2796971335,Statistics Education and Methodologies,Statistics and Probability,article,2026-07-24T02:35:38+00:00
545,Overadjustment Bias and Unnecessary Adjustment in Epidemiologic Studies,10.1097/ede.0b013e3181a819a1,https://doi.org/10.1097/ede.0b013e3181a819a1,2009,2009-06-12,Epidemiology,1979,Yes,green,https://www.ncbi.nlm.nih.gov/pmc/articles/2744485,https://openalex.org/W2004722883,Advanced Causal Inference Techniques,Statistics and Probability,article,2026-07-24T02:35:38+00:00
546,Intention-to-treat concept: A review,10.4103/2229-3485.83221,https://doi.org/10.4103/2229-3485.83221,2011,2011-01-01,Perspectives in Clinical Research,1969,Yes,diamond,https://doi.org/10.4103/2229-3485.83221,https://openalex.org/W2136133622,Statistical Methods in Clinical Trials,Statistics and Probability,article,2026-07-24T02:35:38+00:00
547,Mediation Analysis: A Practitioner's Guide,10.1146/annurev-publhealth-032315-021402,https://doi.org/10.1146/annurev-publhealth-032315-021402,2015,2015-03-26,Annual Review of Public Health,1969,No,closed,,https://openalex.org/W2193561325,Advanced Causal Inference Techniques,Statistics and Probability,article,2026-07-24T02:35:38+00:00
548,A REVIEW OF GOODNESS OF FIT STATISTICS FOR USE IN THE DEVELOPMENT OF LOGISTIC REGRESSION MODELS1,10.1093/oxfordjournals.aje.a113284,https://doi.org/10.1093/oxfordjournals.aje.a113284,1982,1982-01-01,American Journal of Epidemiology,1965,No,closed,,https://openalex.org/W2266995761,Statistical Methods and Bayesian Inference,Statistics and Probability,article,2026-07-24T02:35:38+00:00
549,Estimating the sample size for a pilot randomised trial to minimise the overall trial sample size for the external pilot and main trial for a continuous outcome variable,10.1177/0962280215588241,https://doi.org/10.1177/0962280215588241,2015,2015-06-19,Statistical Methods in Medical Research,1960,Yes,hybrid,https://journals.sagepub.com/doi/pdf/10.1177/0962280215588241,https://openalex.org/W2137904825,Statistical Methods in Clinical Trials,Statistics and Probability,article,2026-07-24T02:35:38+00:00
550,The Analysis of Cross-Classified Categorical Data,10.2307/1267767,https://doi.org/10.2307/1267767,1979,1979-08-01,Technometrics,1958,No,closed,,https://openalex.org/W2135157209,Advanced Statistical Methods and Models,Statistics and Probability,article,2026-07-24T02:35:38+00:00
551,"Quasi-likelihood functions, generalized linear models, and the Gauss—Newton method",10.1093/biomet/61.3.439,https://doi.org/10.1093/biomet/61.3.439,1974,1974-01-01,Biometrika,1955,No,closed,,https://openalex.org/W1979159029,Advanced Statistical Methods and Models,Statistics and Probability,article,2026-07-24T02:35:38+00:00
552,Multicollinearity in Regression Analysis: The Problem Revisited,10.2307/1937887,https://doi.org/10.2307/1937887,1967,1967-02-01,The Review of Economics and Statistics,1955,Yes,green,http://hdl.handle.net/1721.1/48530,https://openalex.org/W2066124661,Advanced Statistical Methods and Models,Statistics and Probability,article,2026-07-24T02:35:38+00:00
553,The Abuse of Power,10.1198/000313001300339897,https://doi.org/10.1198/000313001300339897,2001,2001-02-01,The American Statistician,1952,No,closed,,https://openalex.org/W2069523442,Statistical Methods in Clinical Trials,Statistics and Probability,article,2026-07-24T02:35:38+00:00
554,How Big is a Big Odds Ratio? Interpreting the Magnitudes of Odds Ratios in Epidemiological Studies,10.1080/03610911003650383,https://doi.org/10.1080/03610911003650383,2010,2010-03-31,Communications in Statistics - Simulation and Computation,1951,No,closed,,https://openalex.org/W2029059557,Advanced Causal Inference Techniques,Statistics and Probability,article,2026-07-24T02:35:38+00:00
555,A Fast Algorithm for the Minimum Covariance Determinant Estimator,10.1080/00401706.1999.10485670,https://doi.org/10.1080/00401706.1999.10485670,1999,1999-08-01,Technometrics,1943,No,closed,,https://openalex.org/W4243563432,Advanced Statistical Methods and Models,Statistics and Probability,article,2026-07-24T02:35:38+00:00
556,Contributions to Probability and Statistics: Essays in Honor of Harold Hotelling.,10.2307/2984135,https://doi.org/10.2307/2984135,1961,1961-01-01,Journal of the Royal Statistical Society Series A (General),1942,No,closed,,https://openalex.org/W2016274652,Statistics Education and Methodologies,Statistics and Probability,article,2026-07-24T02:35:38+00:00
557,Regression to the mean: what it is and how to deal with it,10.1093/ije/dyh299,https://doi.org/10.1093/ije/dyh299,2004,2004-08-27,International Journal of Epidemiology,1935,Yes,bronze,https://academic.oup.com/ije/article-pdf/34/1/215/1789489/dyh299.pdf,https://openalex.org/W2155188667,Statistical Methods and Applications,Statistics and Probability,article,2026-07-24T02:35:38+00:00
558,Understanding Power and Rules of Thumb for Determining Sample Sizes,10.20982/tqmp.03.2.p043,https://doi.org/10.20982/tqmp.03.2.p043,2007,2007-09-01,Tutorials in Quantitative Methods for Psychology,1928,Yes,diamond,https://www.tqmp.org/RegularArticles/vol03-2/p043/p043.pdf,https://openalex.org/W112288907,Advanced Statistical Methods and Models,Statistics and Probability,article,2026-07-24T02:35:38+00:00
559,Residuals and Influence in Regression.,10.2307/2531125,https://doi.org/10.2307/2531125,1983,1983-09-01,Biometrics,1928,No,closed,,https://openalex.org/W2796514099,Advanced Statistical Methods and Models,Statistics and Probability,article,2026-07-24T02:35:38+00:00
560,A wilcoxon‐type test for trend,10.1002/sim.4780040112,https://doi.org/10.1002/sim.4780040112,1985,1985-01-01,Statistics in Medicine,1925,No,closed,,https://openalex.org/W2112446953,Statistical Methods in Clinical Trials,Statistics and Probability,article,2026-07-24T02:35:38+00:00
561,Applied Multivariate Statistical Analysis,10.2307/1267865,https://doi.org/10.2307/1267865,1983,1983-11-01,Technometrics,1920,No,closed,,https://openalex.org/W4289257726,Advanced Statistical Methods and Models,Statistics and Probability,article,2026-07-24T02:35:38+00:00
562,Varying-Coefficient Models,10.1111/j.2517-6161.1993.tb01939.x,https://doi.org/10.1111/j.2517-6161.1993.tb01939.x,1993,1993-09-01,Journal of the Royal Statistical Society Series B (Statistical Methodology),1917,No,closed,,https://openalex.org/W2509991828,Advanced Statistical Methods and Models,Statistics and Probability,article,2026-07-24T02:35:38+00:00
563,The Generalization of `Student's' Problem when Several Different Population Variances are Involved,10.2307/2332510,https://doi.org/10.2307/2332510,1947,1947-01-01,Biometrika,1916,No,closed,,https://openalex.org/W4251742697,Statistics Education and Methodologies,Statistics and Probability,article,2026-07-24T02:35:38+00:00
564,The<i>R</i>Package<b>geepack</b>for Generalized Estimating Equations,10.18637/jss.v015.i02,https://doi.org/10.18637/jss.v015.i02,2006,2006-01-01,Journal of Statistical Software,1910,Yes,diamond,https://doi.org/10.18637/jss.v015.i02,https://openalex.org/W1950067960,Statistical Methods and Bayesian Inference,Statistics and Probability,article,2026-07-24T02:35:38+00:00
565,The Prevention and Treatment of Missing Data in Clinical Trials,10.1056/nejmsr1203730,https://doi.org/10.1056/nejmsr1203730,2012,2012-10-03,New England Journal of Medicine,1909,Yes,bronze,https://www.nejm.org/doi/pdf/10.1056/NEJMsr1203730?articleTools=true,https://openalex.org/W2009432182,Statistical Methods in Clinical Trials,Statistics and Probability,article,2026-07-24T02:35:38+00:00
566,A Fast Algorithm for the Minimum Covariance Determinant Estimator,10.2307/1270566,https://doi.org/10.2307/1270566,1999,1999-08-01,Technometrics,1903,No,closed,,https://openalex.org/W1980262437,Advanced Statistical Methods and Models,Statistics and Probability,article,2026-07-24T02:35:38+00:00
567,Level-spacing distributions and the Airy kernel,10.1007/bf02100489,https://doi.org/10.1007/bf02100489,1994,1994-01-01,Communications in Mathematical Physics,1903,Yes,green,https://arxiv.org/pdf/hep-th/9211141,https://openalex.org/W2499952289,Random Matrices and Applications,Statistics and Probability,article,2026-07-24T02:35:38+00:00
568,"The BUGS project: Evolution, critique and future directions",10.1002/sim.3680,https://doi.org/10.1002/sim.3680,2009,2009-07-24,Statistics in Medicine,1896,No,closed,,https://openalex.org/W2134012062,Statistical Methods and Bayesian Inference,Statistics and Probability,article,2026-07-24T02:35:38+00:00
569,Evaluating significance in linear mixed-effects models in R,10.3758/s13428-016-0809-y,https://doi.org/10.3758/s13428-016-0809-y,2016,2016-09-12,Behavior Research Methods,1886,Yes,bronze,https://link.springer.com/content/pdf/10.3758/s13428-016-0809-y.pdf,https://openalex.org/W2519845840,Statistical Methods and Bayesian Inference,Statistics and Probability,article,2026-07-24T02:35:38+00:00
570,Statistical Inference for Capture-Recapture Experiments.,10.2307/2532321,https://doi.org/10.2307/2532321,1992,1992-06-01,Biometrics,1870,No,closed,,https://openalex.org/W2084734423,Census and Population Estimation,Statistics and Probability,article,2026-07-24T02:35:38+00:00
571,Alternatives to the Median Absolute Deviation,10.1080/01621459.1993.10476408,https://doi.org/10.1080/01621459.1993.10476408,1993,1993-12-01,Journal of the American Statistical Association,1868,No,closed,,https://openalex.org/W2033079433,Advanced Statistical Methods and Models,Statistics and Probability,article,2026-07-24T02:35:38+00:00
572,Practical Nonparametric Statistics (2nd ed).,10.2307/2287607,https://doi.org/10.2307/2287607,1981,1981-12-01,Journal of the American Statistical Association,1868,No,closed,,https://openalex.org/W2054805201,Advanced Statistical Methods and Models,Statistics and Probability,article,2026-07-24T02:35:38+00:00
573,Fuzzy random variables,10.1016/0022-247x(86)90093-4,https://doi.org/10.1016/0022-247x(86)90093-4,1986,1986-03-01,Journal of Mathematical Analysis and Applications,1867,No,closed,,https://openalex.org/W1977914365,Fuzzy Systems and Optimization,Statistics and Probability,article,2026-07-24T02:35:38+00:00
574,Sisvar: a Guide for its Bootstrap procedures in multiple comparisons,10.1590/s1413-70542014000200001,https://doi.org/10.1590/s1413-70542014000200001,2014,2014-04-01,Ciência e Agrotecnologia,1859,Yes,gold,https://www.scielo.br/j/cagro/a/yyWQQVwqNcH6kzf9qT9Jdhv/?lang=en&format=pdf,https://openalex.org/W2033146070,Statistical Methods in Clinical Trials,Statistics and Probability,article,2026-07-24T02:35:38+00:00
575,Goodness of fit tests for the multiple logistic regression model,10.1080/03610928008827941,https://doi.org/10.1080/03610928008827941,1980,1980-01-01,Communication in Statistics- Theory and Methods,1855,No,closed,,https://openalex.org/W2031687681,Advanced Statistical Methods and Models,Statistics and Probability,article,2026-07-24T02:35:38+00:00
576,Interval estimation for the difference between independent proportions: comparison of eleven methods,10.1002/(sici)1097-0258(19980430)17:8<873::aid-sim779>3.0.co;2-i,https://doi.org/10.1002/(sici)1097-0258(19980430)17:8<873::aid-sim779>3.0.co;2-i,1998,1998-04-30,Statistics in Medicine,1855,No,closed,,https://openalex.org/W2096913021,Advanced Statistical Methods and Models,Statistics and Probability,article,2026-07-24T02:35:38+00:00
577,Significance tests and goodness of fit in the analysis of covariance structures.,10.1037//0033-2909.88.3.588,https://doi.org/10.1037//0033-2909.88.3.588,1980,1980-01-01,Psychological Bulletin,1853,No,closed,,https://openalex.org/W4245374928,Advanced Statistical Methods and Models,Statistics and Probability,article,2026-07-24T02:35:38+00:00
578,Statistical Power to Detect the Correct Number of Classes in Latent Profile Analysis,10.1080/10705511.2013.824781,https://doi.org/10.1080/10705511.2013.824781,2013,2013-10-01,Structural Equation Modeling A Multidisciplinary Journal,1850,Yes,green,https://www.ncbi.nlm.nih.gov/pmc/articles/3904803,https://openalex.org/W2080725209,Statistical Methods and Inference,Statistics and Probability,article,2026-07-24T02:35:38+00:00
579,A COMPARISON OF GOODNESS-OF-FIT TESTS FOR THE LOGISTIC REGRESSION MODEL,10.1002/(sici)1097-0258(19970515)16:9<965::aid-sim509>3.0.co;2-o,https://doi.org/10.1002/(sici)1097-0258(19970515)16:9<965::aid-sim509>3.0.co;2-o,1997,1997-05-15,Statistics in Medicine,1850,No,closed,,https://openalex.org/W2140468511,Advanced Statistical Methods and Models,Statistics and Probability,article,2026-07-24T02:35:38+00:00
580,Understanding and misunderstanding randomized controlled trials,10.1016/j.socscimed.2017.12.005,https://doi.org/10.1016/j.socscimed.2017.12.005,2017,2017-12-25,Social Science & Medicine,1848,Yes,hybrid,https://www.sciencedirect.com/science/article/am/pii/S0277953617307359?via%3Dihub,https://openalex.org/W2515189678,Advanced Causal Inference Techniques,Statistics and Probability,article,2026-07-24T02:35:38+00:00
581,The Asymptotic Theory of Extreme Order Statistics,10.2307/1269868,https://doi.org/10.2307/1269868,1990,1990-02-01,Technometrics,1848,No,closed,,https://openalex.org/W2972424502,Statistical Distribution Estimation and Applications,Statistics and Probability,article,2026-07-24T02:35:38+00:00
582,Addition and subtraction by human infants,10.1038/358749a0,https://doi.org/10.1038/358749a0,1992,1992-08-27,Nature,1847,No,closed,,https://openalex.org/W2067253250,Cognitive and developmental aspects of mathematical skills,Statistics and Probability,article,2026-07-24T02:35:38+00:00
583,Regression modelling strategies for improved prognostic prediction,10.1002/sim.4780030207,https://doi.org/10.1002/sim.4780030207,1984,1984-04-01,Statistics in Medicine,1841,No,closed,,https://openalex.org/W2074703669,Statistical Methods and Inference,Statistics and Probability,article,2026-07-24T02:35:38+00:00
584,Regression Analysis of Multivariate Incomplete Failure Time Data by Modeling Marginal Distributions,10.1080/01621459.1989.10478873,https://doi.org/10.1080/01621459.1989.10478873,1989,1989-12-01,Journal of the American Statistical Association,1839,No,closed,,https://openalex.org/W2092648747,Statistical Distribution Estimation and Applications,Statistics and Probability,article,2026-07-24T02:35:38+00:00
585,Expected value of fuzzy variable and fuzzy expected value models,10.1109/tfuzz.2002.800692,https://doi.org/10.1109/tfuzz.2002.800692,2002,2002-08-01,IEEE Transactions on Fuzzy Systems,1839,No,closed,,https://openalex.org/W2128530362,Fuzzy Systems and Optimization,Statistics and Probability,article,2026-07-24T02:35:38+00:00
586,The Advanced Theory of Statistics,10.2307/1527192,https://doi.org/10.2307/1527192,1963,1963-04-01,Population,1838,No,closed,,https://openalex.org/W2777019853,Statistics Education and Methodologies,Statistics and Probability,article,2026-07-24T02:35:38+00:00
587,Non-Parametric Estimation of a Multivariate Probability Density,10.1137/1114019,https://doi.org/10.1137/1114019,1969,1969-01-01,Theory of Probability and Its Applications,1836,No,closed,,https://openalex.org/W2137295153,Statistical Methods and Inference,Statistics and Probability,article,2026-07-24T02:35:38+00:00
588,Best practices for missing data management in counseling psychology.,10.1037/a0018082,https://doi.org/10.1037/a0018082,2010,2010-01-01,Journal of Counseling Psychology,1833,No,closed,,https://openalex.org/W2097814478,Statistical Methods and Bayesian Inference,Statistics and Probability,article,2026-07-24T02:35:38+00:00
589,"PLACEBO-CONTROLLED, RANDOMISED TRIAL OF WARFARIN AND ASPIRIN FOR PREVENTION OF THROMBOEMBOLIC COMPLICATIONS IN CHRONIC ATRIAL FIBRILLATION",10.1016/s0140-6736(89)91200-2,https://doi.org/10.1016/s0140-6736(89)91200-2,1989,1989-01-01,The Lancet,1831,No,closed,,https://openalex.org/W2040452288,Statistical Methods in Clinical Trials,Statistics and Probability,article,2026-07-24T02:35:38+00:00
590,Heuristics versus statistics in discriminant validity testing: a comparison of four procedures,10.1108/intr-12-2017-0515,https://doi.org/10.1108/intr-12-2017-0515,2019,2019-02-26,Internet Research,1830,No,closed,,https://openalex.org/W2915477003,Advanced Statistical Methods and Models,Statistics and Probability,article,2026-07-24T02:35:38+00:00
591,Identifiability and Exchangeability for Direct and Indirect Effects,10.1097/00001648-199203000-00013,https://doi.org/10.1097/00001648-199203000-00013,1992,1992-03-01,Epidemiology,1828,No,closed,,https://openalex.org/W1973285887,Advanced Causal Inference Techniques,Statistics and Probability,article,2026-07-24T02:35:38+00:00
592,Post-hoc Probing of Significant Moderational and Mediational Effects in Studies of Pediatric Populations,10.1093/jpepsy/27.1.87,https://doi.org/10.1093/jpepsy/27.1.87,2002,2002-01-01,Journal of Pediatric Psychology,1826,Yes,bronze,https://academic.oup.com/jpepsy/article-pdf/27/1/87/9837164/87.pdf,https://openalex.org/W2170123630,Advanced Causal Inference Techniques,Statistics and Probability,article,2026-07-24T02:35:38+00:00
593,Advantages of Monte Carlo Confidence Intervals for Indirect Effects,10.1080/19312458.2012.679848,https://doi.org/10.1080/19312458.2012.679848,2012,2012-04-01,Communication Methods and Measures,1823,No,closed,,https://openalex.org/W2104411852,Advanced Causal Inference Techniques,Statistics and Probability,article,2026-07-24T02:35:38+00:00
594,"The Empirical Distribution Function with Arbitrarily Grouped, Censored and Truncated Data",10.1111/j.2517-6161.1976.tb01597.x,https://doi.org/10.1111/j.2517-6161.1976.tb01597.x,1976,1976-07-01,Journal of the Royal Statistical Society Series B (Statistical Methodology),1822,No,closed,,https://openalex.org/W2121493622,Statistical Methods and Bayesian Inference,Statistics and Probability,article,2026-07-24T02:35:38+00:00
595,Maximum likelihood estimation via the ECM algorithm: A general framework,10.1093/biomet/80.2.267,https://doi.org/10.1093/biomet/80.2.267,1993,1993-01-01,Biometrika,1821,No,closed,,https://openalex.org/W1967639437,Statistical Methods and Bayesian Inference,Statistics and Probability,article,2026-07-24T02:35:38+00:00
596,Root-mean-square error (RMSE) or mean absolute error (MAE): when to use them or not,10.5194/gmd-15-5481-2022,https://doi.org/10.5194/gmd-15-5481-2022,2022,2022-07-19,Geoscientific model development,1813,Yes,gold,https://gmd.copernicus.org/articles/15/5481/2022/gmd-15-5481-2022.pdf,https://openalex.org/W4285794683,Advanced Statistical Methods and Models,Statistics and Probability,article,2026-07-24T02:35:38+00:00
597,A weakly informative default prior distribution for logistic and other regression models,10.1214/08-aoas191,https://doi.org/10.1214/08-aoas191,2008,2008-12-01,The Annals of Applied Statistics,1811,Yes,bronze,https://projecteuclid.org/journals/annals-of-applied-statistics/volume-2/issue-4/A-weakly-informative-default-prior-distribution-for-logistic-and-other/10.1214/08-AOAS191.pdf,https://openalex.org/W2008640468,Statistical Methods and Bayesian Inference,Statistics and Probability,article,2026-07-24T02:35:38+00:00
598,Assessing Proportionality in the Proportional Odds Model for Ordinal Logistic Regression,10.2307/2532457,https://doi.org/10.2307/2532457,1990,1990-12-01,Biometrics,1810,No,closed,,https://openalex.org/W2016013569,Statistical Methods and Bayesian Inference,Statistics and Probability,article,2026-07-24T02:35:38+00:00
599,Nonlinear Mixed Effects Models for Repeated Measures Data,10.2307/2532087,https://doi.org/10.2307/2532087,1990,1990-09-01,Biometrics,1807,No,closed,,https://openalex.org/W1993147091,Statistical Methods and Bayesian Inference,Statistics and Probability,article,2026-07-24T02:35:38+00:00
600,Approximate Inference in Generalized Linear Mixed Models,10.2307/2290687,https://doi.org/10.2307/2290687,1993,1993-03-01,Journal of the American Statistical Association,1805,No,closed,,https://openalex.org/W4244611409,Statistical Methods and Inference,Statistics and Probability,article,2026-07-24T02:35:38+00:00
601,A Tutorial on MM Algorithms,10.1198/0003130042836,https://doi.org/10.1198/0003130042836,2004,2004-02-01,The American Statistician,1803,No,closed,,https://openalex.org/W2149414429,Advanced Statistical Methods and Models,Statistics and Probability,article,2026-07-24T02:35:38+00:00
602,Sequential Monte Carlo Methods for Dynamic Systems,10.2307/2669847,https://doi.org/10.2307/2669847,1998,1998-09-01,Journal of the American Statistical Association,1802,No,closed,,https://openalex.org/W2064480843,Statistical Methods and Inference,Statistics and Probability,article,2026-07-24T02:35:38+00:00
603,Principles and Procedures of Statistics with Special Reference to the Biological Sciences.,10.2307/2987461,https://doi.org/10.2307/2987461,1961,1961-12-01,The Incorporated Statistician,1799,No,closed,,https://openalex.org/W2062359354,Statistics Education and Methodologies,Statistics and Probability,article,2026-07-24T02:35:38+00:00
604,"INTERPOLATING, EXTRAPOLATING, AND COMPARING INCIDENCE-BASED SPECIES ACCUMULATION CURVES",10.1890/03-0557,https://doi.org/10.1890/03-0557,2004,2004-10-01,Ecology,1798,No,closed,,https://openalex.org/W2132853588,Census and Population Estimation,Statistics and Probability,article,2026-07-24T02:35:38+00:00
605,Applied Regression Analysis.,10.2307/2982106,https://doi.org/10.2307/2982106,1982,1982-01-01,Journal of the Royal Statistical Society Series A (General),1793,No,closed,,https://openalex.org/W3027485947,Statistical Methods and Applications,Statistics and Probability,article,2026-07-24T02:35:38+00:00
606,What’s trending in difference-in-differences? A synthesis of the recent econometrics literature,10.1016/j.jeconom.2023.03.008,https://doi.org/10.1016/j.jeconom.2023.03.008,2023,2023-04-29,Journal of Econometrics,1790,No,closed,,https://openalex.org/W4367396771,Advanced Causal Inference Techniques,Statistics and Probability,article,2026-07-24T02:35:38+00:00
607,Marginal Structural Models to Estimate the Causal Effect of Zidovudine on the Survival of HIV-Positive Men,10.1097/00001648-200009000-00012,https://doi.org/10.1097/00001648-200009000-00012,2000,2000-09-01,Epidemiology,1789,No,closed,,https://openalex.org/W2008557562,Advanced Causal Inference Techniques,Statistics and Probability,article,2026-07-24T02:35:38+00:00
608,Group sequential methods in the design and analysis of clinical trials,10.1093/biomet/64.2.191,https://doi.org/10.1093/biomet/64.2.191,1977,1977-08-01,Biometrika,1789,No,closed,,https://openalex.org/W2127151679,Statistical Methods in Clinical Trials,Statistics and Probability,article,2026-07-24T02:35:38+00:00
609,"Bayesian Data Analysis, 2nd edn",10.1111/j.1467-985x.2004.00347_4.x,https://doi.org/10.1111/j.1467-985x.2004.00347_4.x,2004,2004-12-15,Journal of the Royal Statistical Society Series A (Statistics in Society),1789,Yes,bronze,https://academic.oup.com/jrsssa/article-pdf/168/1/251/49599152/jrsssa_168_1_251.pdf,https://openalex.org/W2143707047,Statistical Methods and Bayesian Inference,Statistics and Probability,article,2026-07-24T02:35:38+00:00
610,"Regression analyses of counts and rates: Poisson, overdispersed Poisson, and negative binomial models.",10.1037/0033-2909.118.3.392,https://doi.org/10.1037/0033-2909.118.3.392,1995,1995-11-01,Psychological Bulletin,1786,No,closed,,https://openalex.org/W2024761771,Statistical Methods and Bayesian Inference,Statistics and Probability,article,2026-07-24T02:35:38+00:00
611,Consistent Nonparametric Regression,10.1214/aos/1176343886,https://doi.org/10.1214/aos/1176343886,1977,1977-07-01,The Annals of Statistics,1783,Yes,bronze,https://projecteuclid.org/journals/annals-of-statistics/volume-5/issue-4/Consistent-Nonparametric-Regression/10.1214/aos/1176343886.pdf,https://openalex.org/W2059507684,Advanced Statistical Methods and Models,Statistics and Probability,article,2026-07-24T02:35:38+00:00
612,Discrete Multivariate Analysis,10.1080/00401706.1977.10489605,https://doi.org/10.1080/00401706.1977.10489605,1977,1977-11-01,Technometrics,1783,No,closed,,https://openalex.org/W2327022120,Advanced Statistical Methods and Models,Statistics and Probability,article,2026-07-24T02:35:38+00:00
613,A comparison of some methodologies for the factor analysis of non‐normal Likert variables,10.1111/j.2044-8317.1985.tb00832.x,https://doi.org/10.1111/j.2044-8317.1985.tb00832.x,1985,1985-11-01,British Journal of Mathematical and Statistical Psychology,1780,No,closed,,https://openalex.org/W1985442257,Advanced Statistical Methods and Models,Statistics and Probability,article,2026-07-24T02:35:38+00:00
614,Asymptotically distribution‐free methods for the analysis of covariance structures,10.1111/j.2044-8317.1984.tb00789.x,https://doi.org/10.1111/j.2044-8317.1984.tb00789.x,1984,1984-05-01,British Journal of Mathematical and Statistical Psychology,1780,No,closed,,https://openalex.org/W2164085284,Advanced Statistical Methods and Models,Statistics and Probability,article,2026-07-24T02:35:38+00:00
615,The Child's Conception of Number,10.2307/3118763,https://doi.org/10.2307/3118763,1953,1953-05-01,British Journal of Educational Studies,1776,No,closed,,https://openalex.org/W1973388986,Cognitive and developmental aspects of mathematical skills,Statistics and Probability,article,2026-07-24T02:35:38+00:00
616,Working With Missing Values,10.1111/j.1741-3737.2005.00191.x,https://doi.org/10.1111/j.1741-3737.2005.00191.x,2005,2005-09-20,Journal of Marriage and the Family,1769,Yes,bronze,https://onlinelibrary.wiley.com/doi/pdfdirect/10.1111/j.1741-3737.2005.00191.x,https://openalex.org/W2164788271,Statistical Methods and Bayesian Inference,Statistics and Probability,article,2026-07-24T02:35:38+00:00
617,Robust Statistics: The Approach Based on Influence Functions.,10.2307/2981480,https://doi.org/10.2307/2981480,1987,1987-01-01,Journal of the Royal Statistical Society Series A (General),1768,No,closed,,https://openalex.org/W2795431618,Advanced Statistical Methods and Models,Statistics and Probability,article,2026-07-24T02:35:38+00:00
618,The Inconsistency of “Optimal” Cutpoints Obtained using Two Criteria based on the Receiver Operating Characteristic Curve,10.1093/aje/kwj063,https://doi.org/10.1093/aje/kwj063,2006,2006-01-12,American Journal of Epidemiology,1767,Yes,bronze,https://academic.oup.com/aje/article-pdf/163/7/670/175717/kwj063.pdf,https://openalex.org/W2117352205,Statistical Methods in Epidemiology,Statistics and Probability,article,2026-07-24T02:35:38+00:00
619,The Importance of the Normality Assumption in Large Public Health Data Sets,10.1146/annurev.publhealth.23.100901.140546,https://doi.org/10.1146/annurev.publhealth.23.100901.140546,2002,2002-05-01,Annual Review of Public Health,1767,No,closed,,https://openalex.org/W2168991419,Advanced Statistical Methods and Models,Statistics and Probability,article,2026-07-24T02:35:38+00:00
620,Applied Regression Analysis and Other Multivariable Methods.,10.2307/2287012,https://doi.org/10.2307/2287012,1979,1979-09-01,Journal of the American Statistical Association,1767,No,closed,,https://openalex.org/W4289254801,Statistical Methods and Applications,Statistics and Probability,article,2026-07-24T02:35:38+00:00
621,A Biometrics Invited Paper. The Analysis and Selection of Variables in Linear Regression,10.2307/2529336,https://doi.org/10.2307/2529336,1976,1976-03-01,Biometrics,1765,No,closed,,https://openalex.org/W2317866228,Advanced Statistical Methods and Models,Statistics and Probability,article,2026-07-24T02:35:38+00:00
622,The prevention and handling of the missing data,10.4097/kjae.2013.64.5.402,https://doi.org/10.4097/kjae.2013.64.5.402,2013,2013-01-01,Korean Journal of Anesthesiology,1763,Yes,diamond,https://ekja.org/upload/pdf/kjae-64-402.pdf,https://openalex.org/W1977098485,Statistical Methods and Bayesian Inference,Statistics and Probability,article,2026-07-24T02:35:38+00:00
623,A better lemon squeezer? Maximum-likelihood regression with beta-distributed dependent variables.,10.1037/1082-989x.11.1.54,https://doi.org/10.1037/1082-989x.11.1.54,2006,2006-03-01,Psychological Methods,1758,No,closed,,https://openalex.org/W2040490772,Advanced Statistical Methods and Models,Statistics and Probability,article,2026-07-24T02:35:38+00:00
624,Maximum likelihood estimation of a migration matrix and effective population sizes in <i>n</i> subpopulations by using a coalescent approach,10.1073/pnas.081068098,https://doi.org/10.1073/pnas.081068098,2001,2001-04-03,Proceedings of the National Academy of Sciences,1757,No,closed,,https://openalex.org/W2146442942,Census and Population Estimation,Statistics and Probability,article,2026-07-24T02:35:38+00:00
625,The Child's Understanding of Number,10.2307/748455,https://doi.org/10.2307/748455,1979,1979-11-01,Journal for Research in Mathematics Education,1757,No,closed,,https://openalex.org/W2314888429,Cognitive and developmental aspects of mathematical skills,Statistics and Probability,article,2026-07-24T02:35:38+00:00
626,Discrete Multivariate Analysis: Theory and Practice.,10.2307/2344845,https://doi.org/10.2307/2344845,1976,1976-01-01,Journal of the Royal Statistical Society Series A (General),1755,Yes,bronze,https://www.jstor.org/institutionSearch?redirectUri=%2fstable%2f2344845,https://openalex.org/W2801464996,Advanced Statistical Methods and Models,Statistics and Probability,article,2026-07-24T02:35:38+00:00
627,"Jackknife, Bootstrap and Other Resampling Methods in Regression Analysis",10.1214/aos/1176350142,https://doi.org/10.1214/aos/1176350142,1986,1986-12-01,The Annals of Statistics,1754,No,closed,,https://openalex.org/W2104499761,Advanced Statistical Methods and Models,Statistics and Probability,article,2026-07-24T02:35:38+00:00
628,Consequences of Failure to Meet Assumptions Underlying the Fixed Effects Analyses of Variance and Covariance,10.3102/00346543042003237,https://doi.org/10.3102/00346543042003237,1972,1972-09-01,Review of Educational Research,1754,No,closed,,https://openalex.org/W2120106329,Statistics Education and Methodologies,Statistics and Probability,article,2026-07-24T02:35:38+00:00
629,"Statistical Abstract of the United States, 1956.",10.2307/2281413,https://doi.org/10.2307/2281413,1957,1957-03-01,Journal of the American Statistical Association,1749,No,closed,,https://openalex.org/W2318693265,Census and Population Estimation,Statistics and Probability,article,2026-07-24T02:35:38+00:00
630,Discrete sequential boundaries for clinical trials,10.1093/biomet/70.3.659,https://doi.org/10.1093/biomet/70.3.659,1983,1983-01-01,Biometrika,1746,No,closed,,https://openalex.org/W1990639292,Statistical Methods in Clinical Trials,Statistics and Probability,article,2026-07-24T02:35:38+00:00
631,5. Three Likelihood-Based Methods for Mean and Covariance Structure Analysis with Nonnormal Missing Data,10.1111/0081-1750.00078,https://doi.org/10.1111/0081-1750.00078,2000,2000-08-01,Sociological Methodology,1743,No,closed,,https://openalex.org/W2095968500,Statistical Methods and Bayesian Inference,Statistics and Probability,article,2026-07-24T02:35:38+00:00
632,Sources of Mathematical Thinking: Behavioral and Brain-Imaging Evidence,10.1126/science.284.5416.970,https://doi.org/10.1126/science.284.5416.970,1999,1999-05-07,Science,1743,No,closed,,https://openalex.org/W2159733978,Cognitive and developmental aspects of mathematical skills,Statistics and Probability,article,2026-07-24T02:35:38+00:00
633,Applied Multivariate Techniques.,10.2307/2291485,https://doi.org/10.2307/2291485,1997,1997-03-01,Journal of the American Statistical Association,1740,No,closed,,https://openalex.org/W4299732443,Advanced Statistical Methods and Models,Statistics and Probability,article,2026-07-24T02:35:38+00:00
634,Empirical Likelihood and General Estimating Equations,10.1214/aos/1176325370,https://doi.org/10.1214/aos/1176325370,1994,1994-03-01,The Annals of Statistics,1739,Yes,bronze,https://projecteuclid.org/journals/annals-of-statistics/volume-22/issue-1/Empirical-Likelihood-and-General-Estimating-Equations/10.1214/aos/1176325370.pdf,https://openalex.org/W2062541416,Statistical Methods and Inference,Statistics and Probability,article,2026-07-24T02:35:38+00:00
635,Foundations of the Theory of Probability,10.2307/3611503,https://doi.org/10.2307/3611503,1951,1951-12-01,The Mathematical Gazette,1738,No,closed,,https://openalex.org/W1568586753,Statistics Education and Methodologies,Statistics and Probability,article,2026-07-24T02:35:38+00:00
636,Problems of Spectrum and Bias in Evaluating the Efficacy of Diagnostic Tests,10.1056/nejm197810262991705,https://doi.org/10.1056/nejm197810262991705,1978,1978-10-26,New England Journal of Medicine,1738,No,closed,,https://openalex.org/W2339926369,Statistical Methods in Clinical Trials,Statistics and Probability,article,2026-07-24T02:35:38+00:00
637,Applied Regression Analysis.,10.2307/2283698,https://doi.org/10.2307/2283698,1967,1967-09-01,Journal of the American Statistical Association,1738,No,closed,,https://openalex.org/W4299492689,Statistical Methods and Applications,Statistics and Probability,article,2026-07-24T02:35:38+00:00
638,Model selection and estimation in the Gaussian graphical model,10.1093/biomet/asm018,https://doi.org/10.1093/biomet/asm018,2007,2007-02-07,Biometrika,1737,No,closed,,https://openalex.org/W2081746825,Statistical Methods and Inference,Statistics and Probability,article,2026-07-24T02:35:38+00:00
639,Resampling-Based Multiple Testing: Examples and Methods for p-Value Adjustment.,10.2307/2533464,https://doi.org/10.2307/2533464,1994,1994-12-01,Biometrics,1733,No,closed,,https://openalex.org/W2796856748,Statistical Methods in Clinical Trials,Statistics and Probability,article,2026-07-24T02:35:38+00:00
640,Cem: Coarsened Exact Matching in Stata,10.1177/1536867x0900900402,https://doi.org/10.1177/1536867x0900900402,2009,2009-12-01,The Stata Journal Promoting communications on statistics and Stata,1732,Yes,bronze,https://journals.sagepub.com/doi/pdf/10.1177/1536867X0900900402,https://openalex.org/W1850864270,Advanced Causal Inference Techniques,Statistics and Probability,article,2026-07-24T02:35:38+00:00
641,Bayesian Computation Via the Gibbs Sampler and Related Markov Chain Monte Carlo Methods,10.1111/j.2517-6161.1993.tb01466.x,https://doi.org/10.1111/j.2517-6161.1993.tb01466.x,1993,1993-09-01,Journal of the Royal Statistical Society Series B (Statistical Methodology),1729,No,closed,,https://openalex.org/W2017899835,Markov Chains and Monte Carlo Methods,Statistics and Probability,article,2026-07-24T02:35:38+00:00
642,The Foundations of Statistics,10.1111/j.1746-8361.1954.tb01124.x,https://doi.org/10.1111/j.1746-8361.1954.tb01124.x,1954,1954-01-01,dialectica,1725,No,closed,,https://openalex.org/W2087698439,Census and Population Estimation,Statistics and Probability,article,2026-07-24T02:35:38+00:00
643,Weak convergence and optimal scaling of random walk Metropolis algorithms,10.1214/aoap/1034625254,https://doi.org/10.1214/aoap/1034625254,1997,1997-02-01,The Annals of Applied Probability,1722,Yes,bronze,https://projecteuclid.org/journals/annals-of-applied-probability/volume-7/issue-1/Weak-convergence-and-optimal-scaling-of-random-walk-Metropolis-algorithms/10.1214/aoap/1034625254.pdf,https://openalex.org/W2030911724,Markov Chains and Monte Carlo Methods,Statistics and Probability,article,2026-07-24T02:35:38+00:00
644,The Group Lasso for Logistic Regression,10.1111/j.1467-9868.2007.00627.x,https://doi.org/10.1111/j.1467-9868.2007.00627.x,2008,2008-01-04,Journal of the Royal Statistical Society Series B (Statistical Methodology),1722,No,closed,,https://openalex.org/W2106398669,Statistical Methods and Inference,Statistics and Probability,article,2026-07-24T02:35:38+00:00
645,A note on the multiple-recapture census,10.1093/biomet/52.1-2.249,https://doi.org/10.1093/biomet/52.1-2.249,1965,1965-06-01,Biometrika,1720,No,closed,,https://openalex.org/W2044881087,Census and Population Estimation,Statistics and Probability,article,2026-07-24T02:35:38+00:00
646,Detecting Multicollinearity in Regression Analysis,10.12691/ajams-8-2-1,https://doi.org/10.12691/ajams-8-2-1,2020,2020-06-15,American Journal of Applied Mathematics and Statistics,1717,Yes,diamond,https://doi.org/10.12691/ajams-8-2-1,https://openalex.org/W3036573352,Advanced Statistical Methods and Models,Statistics and Probability,article,2026-07-24T02:35:38+00:00
647,Fuzzy differential equations,10.1016/0165-0114(87)90029-7,https://doi.org/10.1016/0165-0114(87)90029-7,1987,1987-12-01,Fuzzy Sets and Systems,1711,No,closed,,https://openalex.org/W1965955764,Fuzzy Systems and Optimization,Statistics and Probability,article,2026-07-24T02:35:38+00:00
648,Super Learner,10.2202/1544-6115.1309,https://doi.org/10.2202/1544-6115.1309,2007,2007-09-16,Statistical Applications in Genetics and Molecular Biology,1711,No,closed,,https://openalex.org/W4233056867,Advanced Statistical Methods and Models,Statistics and Probability,article,2026-07-24T02:35:38+00:00
649,Ridge Estimators in Logistic Regression,10.2307/2347628,https://doi.org/10.2307/2347628,1992,1992-01-01,Journal of the Royal Statistical Society Series C (Applied Statistics),1709,No,closed,,https://openalex.org/W2106393550,Advanced Statistical Methods and Models,Statistics and Probability,article,2026-07-24T02:35:38+00:00
650,Discrete Sequential Boundaries for Clinical Trials,10.2307/2336502,https://doi.org/10.2307/2336502,1983,1983-12-01,Biometrika,1709,No,closed,,https://openalex.org/W4242589154,Statistical Methods in Clinical Trials,Statistics and Probability,article,2026-07-24T02:35:38+00:00
651,On optimal and data-based histograms,10.1093/biomet/66.3.605,https://doi.org/10.1093/biomet/66.3.605,1979,1979-01-01,Biometrika,1707,No,closed,,https://openalex.org/W1982366717,Statistical Methods and Inference,Statistics and Probability,article,2026-07-24T02:35:38+00:00
652,Conceptualizing and testing random indirect effects and moderated mediation in multilevel models: New procedures and recommendations.,10.1037/1082-989x.11.2.142,https://doi.org/10.1037/1082-989x.11.2.142,2006,2006-01-01,Psychological Methods,1705,Yes,green,http://hdl.handle.net/1808/1488,https://openalex.org/W2117278087,Statistical Methods and Bayesian Inference,Statistics and Probability,article,2026-07-24T02:35:38+00:00
653,Stratification and weighting via the propensity score in estimation of causal treatment effects: a comparative study,10.1002/sim.1903,https://doi.org/10.1002/sim.1903,2004,2004-08-24,Statistics in Medicine,1704,No,closed,,https://openalex.org/W2168639902,Advanced Causal Inference Techniques,Statistics and Probability,article,2026-07-24T02:35:38+00:00
654,Use and misuse of population attributable fractions.,10.2105/ajph.88.1.15,https://doi.org/10.2105/ajph.88.1.15,1998,1998-01-01,American Journal of Public Health,1702,Yes,bronze,http://ajph.aphapublications.org/doi/pdf/10.2105/AJPH.88.1.15,https://openalex.org/W2044434363,Statistical Methods and Bayesian Inference,Statistics and Probability,article,2026-07-24T02:35:38+00:00
655,Data Analysis and Regression.,10.2307/2346739,https://doi.org/10.2307/2346739,1979,1979-01-01,Journal of the Royal Statistical Society Series C (Applied Statistics),1699,No,closed,,https://openalex.org/W2800289289,Statistical Methods and Applications,Statistics and Probability,article,2026-07-24T02:35:38+00:00
656,Outliers in Statistical Data.,10.2307/2983451,https://doi.org/10.2307/2983451,1995,1995-01-01,Journal of the Royal Statistical Society Series A (Statistics in Society),1698,No,closed,,https://openalex.org/W2331052961,Advanced Statistical Methods and Models,Statistics and Probability,article,2026-07-24T02:35:38+00:00
657,Multimodal nested sampling: an efficient and robust alternative to Markov Chain Monte Carlo methods for astronomical data analyses,10.1111/j.1365-2966.2007.12353.x,https://doi.org/10.1111/j.1365-2966.2007.12353.x,2008,2008-01-18,Monthly Notices of the Royal Astronomical Society,1692,Yes,bronze,https://academic.oup.com/mnras/article-pdf/384/2/449/3378518/mnras0384-0449.pdf,https://openalex.org/W1839094326,Markov Chains and Monte Carlo Methods,Statistics and Probability,article,2026-07-24T02:35:38+00:00
658,Improving predictive inference under covariate shift by weighting the log-likelihood function,10.1016/s0378-3758(00)00115-4,https://doi.org/10.1016/s0378-3758(00)00115-4,2000,2000-10-01,Journal of Statistical Planning and Inference,1690,No,closed,,https://openalex.org/W2034368206,Advanced Statistical Methods and Models,Statistics and Probability,article,2026-07-24T02:35:38+00:00
659,Generalized Collinearity Diagnostics,10.1080/01621459.1992.10475190,https://doi.org/10.1080/01621459.1992.10475190,1992,1992-03-01,Journal of the American Statistical Association,1686,No,closed,,https://openalex.org/W1974858315,Advanced Statistical Methods and Models,Statistics and Probability,article,2026-07-24T02:35:38+00:00
660,Probability and Measure.,10.2307/2982048,https://doi.org/10.2307/2982048,1987,1987-01-01,Journal of the Royal Statistical Society Series A (General),1684,No,closed,,https://openalex.org/W4302114916,Statistics Education and Methodologies,Statistics and Probability,article,2026-07-24T02:35:38+00:00
661,Estimates of the Regression Coefficient Based on Kendall's Tau,10.2307/2285891,https://doi.org/10.2307/2285891,1968,1968-12-01,Journal of the American Statistical Association,1683,No,closed,,https://openalex.org/W4232872062,Advanced Statistical Methods and Models,Statistics and Probability,article,2026-07-24T02:35:38+00:00
662,Linear Model Selection by Cross-validation,10.1080/01621459.1993.10476299,https://doi.org/10.1080/01621459.1993.10476299,1993,1993-06-01,Journal of the American Statistical Association,1679,No,closed,,https://openalex.org/W2033872649,Advanced Statistical Methods and Models,Statistics and Probability,article,2026-07-24T02:35:38+00:00
663,Set Correlation and Contingency Tables,10.1177/014662168801200410,https://doi.org/10.1177/014662168801200410,1988,1988-12-01,Applied Psychological Measurement,1673,Yes,green,https://conservancy.umn.edu/bitstreams/a0f17521-b2ce-464f-aea6-de0c3e602981/download,https://openalex.org/W1979191094,Advanced Statistical Methods and Models,Statistics and Probability,article,2026-07-24T02:35:38+00:00
664,Density Estimation for Statistics and Data Analysis,10.1080/00401706.1987.10488295,https://doi.org/10.1080/00401706.1987.10488295,1987,1987-11-01,Technometrics,1673,No,closed,,https://openalex.org/W2990650678,Statistical Methods and Inference,Statistics and Probability,article,2026-07-24T02:35:38+00:00
665,The multivariate skew-normal distribution,10.1093/biomet/83.4.715,https://doi.org/10.1093/biomet/83.4.715,1996,1996-12-01,Biometrika,1672,Yes,bronze,https://academic.oup.com/biomet/article-pdf/83/4/715/702865/83-4-715.pdf,https://openalex.org/W2171050536,Statistical Distribution Estimation and Applications,Statistics and Probability,article,2026-07-24T02:35:38+00:00
666,"Bootstrap confidence intervals: when, which, what? A practical guide for medical statisticians",10.1002/(sici)1097-0258(20000515)19:9<1141::aid-sim479>3.0.co;2-f,https://doi.org/10.1002/(sici)1097-0258(20000515)19:9<1141::aid-sim479>3.0.co;2-f,2000,2000-05-15,Statistics in Medicine,1671,No,closed,,https://openalex.org/W2155982020,Statistical Methods in Clinical Trials,Statistics and Probability,article,2026-07-24T02:35:38+00:00
667,Variable selection – A review and recommendations for the practicing statistician,10.1002/bimj.201700067,https://doi.org/10.1002/bimj.201700067,2018,2018-01-02,Biometrical Journal,1670,Yes,hybrid,https://onlinelibrary.wiley.com/doi/pdfdirect/10.1002/bimj.201700067,https://openalex.org/W2782176193,Statistical Methods and Inference,Statistics and Probability,article,2026-07-24T02:35:38+00:00
668,The Child's Understanding of Number,10.2307/1175067,https://doi.org/10.2307/1175067,1979,1979-05-01,Educational Researcher,1668,No,closed,,https://openalex.org/W2786004892,Cognitive and developmental aspects of mathematical skills,Statistics and Probability,article,2026-07-24T02:35:38+00:00
669,Sequential Tests of Statistical Hypotheses,10.1214/aoms/1177731118,https://doi.org/10.1214/aoms/1177731118,1945,1945-06-01,The Annals of Mathematical Statistics,1665,Yes,bronze,https://projecteuclid.org/journals/annals-of-mathematical-statistics/volume-16/issue-2/Sequential-Tests-of-Statistical-Hypotheses/10.1214/aoms/1177731118.pdf,https://openalex.org/W4230704549,Advanced Statistical Methods and Models,Statistics and Probability,article,2026-07-24T02:35:38+00:00
670,On the Adaptive Control of the False Discovery Rate in Multiple Testing With Independent Statistics,10.3102/10769986025001060,https://doi.org/10.3102/10769986025001060,2000,2000-03-01,Journal of Educational and Behavioral Statistics,1664,No,closed,,https://openalex.org/W2143079975,Statistical Methods in Clinical Trials,Statistics and Probability,article,2026-07-24T02:35:38+00:00
671,High Breakdown-Point and High Efficiency Robust Estimates for Regression,10.1214/aos/1176350366,https://doi.org/10.1214/aos/1176350366,1987,1987-06-01,The Annals of Statistics,1663,Yes,bronze,https://projecteuclid.org/journals/annals-of-statistics/volume-15/issue-2/High-Breakdown-Point-and-High-Efficiency-Robust-Estimates-for-Regression/10.1214/aos/1176350366.pdf,https://openalex.org/W2011627547,Advanced Statistical Methods and Models,Statistics and Probability,article,2026-07-24T02:35:38+00:00
672,Review of inverse probability weighting for dealing with missing data,10.1177/0962280210395740,https://doi.org/10.1177/0962280210395740,2011,2011-01-10,Statistical Methods in Medical Research,1661,No,closed,,https://openalex.org/W1968185435,Statistical Methods and Bayesian Inference,Statistics and Probability,article,2026-07-24T02:35:38+00:00
673,Single Sample Cross-Validation Indices for Covariance Structures,10.1207/s15327906mbr2404_4,https://doi.org/10.1207/s15327906mbr2404_4,1989,1989-10-01,Multivariate Behavioral Research,1661,No,closed,,https://openalex.org/W1983098731,Advanced Statistical Methods and Models,Statistics and Probability,article,2026-07-24T02:35:38+00:00
674,Some heteroskedasticity-consistent covariance matrix estimators with improved finite sample properties,10.1016/0304-4076(85)90158-7,https://doi.org/10.1016/0304-4076(85)90158-7,1985,1985-09-01,Journal of Econometrics,1660,Yes,green,https://www.econstor.eu/bitstream/10419/189084/1/qed_wp_0537.pdf,https://openalex.org/W1984935883,Statistical Methods and Bayesian Inference,Statistics and Probability,article,2026-07-24T02:35:38+00:00
675,Intraclass Reliability Estimates: Testing Structural Assumptions,10.1177/001316447403400104,https://doi.org/10.1177/001316447403400104,1974,1974-04-01,Educational and Psychological Measurement,1655,No,closed,,https://openalex.org/W2005423324,Statistical Methods and Bayesian Inference,Statistics and Probability,article,2026-07-24T02:35:38+00:00
676,Gender differences in mathematics performance: A meta-analysis.,10.1037/0033-2909.107.2.139,https://doi.org/10.1037/0033-2909.107.2.139,1990,1990-01-01,Psychological Bulletin,1655,No,closed,,https://openalex.org/W2162397375,Cognitive and developmental aspects of mathematical skills,Statistics and Probability,article,2026-07-24T02:35:38+00:00
677,Analysis of Ordinal Categorical Data.,10.2307/2288509,https://doi.org/10.2307/2288509,1985,1985-09-01,Journal of the American Statistical Association,1650,Yes,bronze,https://www.jstor.org/institutionSearch?redirectUri=%2fstable%2f2288509,https://openalex.org/W2318032547,Advanced Statistical Methods and Models,Statistics and Probability,article,2026-07-24T02:35:38+00:00
678,Robust Tests for Heteroscedasticity Based on Regression Quantiles,10.2307/1912528,https://doi.org/10.2307/1912528,1982,1982-01-01,Econometrica,1649,No,closed,,https://openalex.org/W2061960194,Advanced Statistical Methods and Models,Statistics and Probability,article,2026-07-24T02:35:38+00:00
679,"The Importance of Beta, the Type II Error and Sample Size in the Design and Interpretation of the Randomized Control Trial",10.1056/nejm197809282991304,https://doi.org/10.1056/nejm197809282991304,1978,1978-09-28,New England Journal of Medicine,1648,No,closed,,https://openalex.org/W1970046651,Statistical Methods in Clinical Trials,Statistics and Probability,article,2026-07-24T02:35:38+00:00
680,Detecting outliers when fitting data with nonlinear regression – a new method based on robust nonlinear regression and the false discovery rate,10.1186/1471-2105-7-123,https://doi.org/10.1186/1471-2105-7-123,2006,2006-03-09,BMC Bioinformatics,1645,Yes,gold,https://bmcbioinformatics.biomedcentral.com/counter/pdf/10.1186/1471-2105-7-123,https://openalex.org/W1833314573,Advanced Statistical Methods and Models,Statistics and Probability,article,2026-07-24T02:35:38+00:00
681,A Test of Goodness of Fit,10.1080/01621459.1954.10501232,https://doi.org/10.1080/01621459.1954.10501232,1954,1954-12-01,Journal of the American Statistical Association,1643,No,closed,,https://openalex.org/W4251428492,Statistical Distribution Estimation and Applications,Statistics and Probability,article,2026-07-24T02:35:38+00:00
682,Sample Criteria for Testing Outlying Observations,10.1214/aoms/1177729885,https://doi.org/10.1214/aoms/1177729885,1950,1950-03-01,The Annals of Mathematical Statistics,1640,Yes,bronze,https://projecteuclid.org/journals/annals-of-mathematical-statistics/volume-21/issue-1/Sample-Criteria-for-Testing-Outlying-Observations/10.1214/aoms/1177729885.pdf,https://openalex.org/W2056972503,Advanced Statistical Methods and Models,Statistics and Probability,article,2026-07-24T02:35:38+00:00
683,Why 90% of clinical drug development fails and how to improve it?,10.1016/j.apsb.2022.02.002,https://doi.org/10.1016/j.apsb.2022.02.002,2022,2022-02-11,Acta Pharmaceutica Sinica B,1638,Yes,diamond,https://doi.org/10.1016/j.apsb.2022.02.002,https://openalex.org/W4211238337,Statistical Methods in Clinical Trials,Statistics and Probability,article,2026-07-24T02:35:38+00:00
684,Why Propensity Scores Should Not Be Used for Matching,10.1017/pan.2019.11,https://doi.org/10.1017/pan.2019.11,2019,2019-05-07,Political Analysis,1637,Yes,bronze,https://www.cambridge.org/core/services/aop-cambridge-core/content/view/94DDE7ED8E2A796B693096EB714BE68B/S1047198719000111a.pdf/div-class-title-why-propensity-scores-should-not-be-used-for-matching-div.pdf,https://openalex.org/W2910632137,Advanced Causal Inference Techniques,Statistics and Probability,article,2026-07-24T02:35:38+00:00
685,The Analysis of Covariance Structures,10.1177/0049124183011003003,https://doi.org/10.1177/0049124183011003003,1983,1983-02-01,Sociological Methods & Research,1634,No,closed,,https://openalex.org/W2023172395,Advanced Statistical Methods and Models,Statistics and Probability,article,2026-07-24T02:35:38+00:00
686,Fundamentals of Biostatistics.,10.2307/2289416,https://doi.org/10.2307/2289416,1987,1987-12-01,Journal of the American Statistical Association,1630,No,closed,,https://openalex.org/W3056198107,Statistics Education and Methodologies,Statistics and Probability,article,2026-07-24T02:35:38+00:00
687,On the histogram as a density estimator:L 2 theory,10.1007/bf01025868,https://doi.org/10.1007/bf01025868,1981,1981-12-01,Probability Theory and Related Fields,1627,Yes,bronze,https://link.springer.com/content/pdf/10.1007/BF01025868.pdf,https://openalex.org/W2048092465,Statistical Methods and Inference,Statistics and Probability,article,2026-07-24T02:35:38+00:00
688,Statistics in Psychology and Education,10.2307/1417743,https://doi.org/10.2307/1417743,1947,1947-10-01,The American Journal of Psychology,1626,No,closed,,https://openalex.org/W2095031526,Statistics Education and Methodologies,Statistics and Probability,article,2026-07-24T02:35:38+00:00
689,A New Interpretation of Information Rate,10.1002/j.1538-7305.1956.tb03809.x,https://doi.org/10.1002/j.1538-7305.1956.tb03809.x,1956,1956-07-01,Bell System Technical Journal,1621,No,closed,,https://openalex.org/W2034489173,Probability and Statistical Research,Statistics and Probability,article,2026-07-24T02:35:38+00:00
690,Dimensionality assessment of ordered polytomous items with parallel analysis.,10.1037/a0023353,https://doi.org/10.1037/a0023353,2011,2011-04-18,Psychological Methods,1619,Yes,green,https://research.rug.nl/en/publications/63e6439c-00a7-4395-a03b-f38ff24a8f74,https://openalex.org/W2100515418,Advanced Statistical Methods and Models,Statistics and Probability,article,2026-07-24T02:35:38+00:00
691,Exploratory latent structure analysis using both identifiable and unidentifiable models,10.1093/biomet/61.2.215,https://doi.org/10.1093/biomet/61.2.215,1974,1974-01-01,Biometrika,1617,No,closed,,https://openalex.org/W2115881827,Statistical Methods and Inference,Statistics and Probability,article,2026-07-24T02:35:38+00:00
692,A Suggestion for Using Powerful and Informative Tests of Normality,10.1080/00031305.1990.10475751,https://doi.org/10.1080/00031305.1990.10475751,1990,1990-11-01,The American Statistician,1616,No,closed,,https://openalex.org/W1975107026,Statistical Methods and Bayesian Inference,Statistics and Probability,article,2026-07-24T02:35:38+00:00
693,Distributions in Statistics: Continuous Multivariate Distributions.,10.2307/2529696,https://doi.org/10.2307/2529696,1973,1973-03-01,Biometrics,1616,No,closed,,https://openalex.org/W2797066837,Advanced Statistical Methods and Models,Statistics and Probability,article,2026-07-24T02:35:38+00:00
694,Some suggestions for measuring predictive performance,10.1007/bf01060893,https://doi.org/10.1007/bf01060893,1981,1981-08-01,Journal of Pharmacokinetics and Biopharmaceutics,1615,No,closed,,https://openalex.org/W2003143162,Advanced Statistical Methods and Models,Statistics and Probability,article,2026-07-24T02:35:38+00:00
695,An Introduction to Multivariate Statistical Analysis,10.1198/tech.2004.s754,https://doi.org/10.1198/tech.2004.s754,2004,2004-02-01,Technometrics,1613,Yes,bronze,https://www.tandfonline.com/doi/abs/10.1198/tech.2004.s754,https://openalex.org/W4213099427,Advanced Statistical Methods and Models,Statistics and Probability,article,2026-07-24T02:35:38+00:00
696,Violin Plots: A Box Plot-Density Trace Synergism,10.1080/00031305.1998.10480559,https://doi.org/10.1080/00031305.1998.10480559,1998,1998-05-01,The American Statistician,1609,No,closed,,https://openalex.org/W2042204882,Advanced Statistical Methods and Models,Statistics and Probability,article,2026-07-24T02:35:38+00:00
697,Approximate Bayesian computation scheme for parameter inference and model selection in dynamical systems,10.1098/rsif.2008.0172,https://doi.org/10.1098/rsif.2008.0172,2008,2008-07-09,Journal of The Royal Society Interface,1609,Yes,green,https://arxiv.org/pdf/0901.1925,https://openalex.org/W2152246075,Markov Chains and Monte Carlo Methods,Statistics and Probability,article,2026-07-24T02:35:38+00:00
698,Estimating Optimal Transformations for Multiple Regression and Correlation,10.1080/01621459.1985.10478157,https://doi.org/10.1080/01621459.1985.10478157,1985,1985-09-01,Journal of the American Statistical Association,1599,No,closed,,https://openalex.org/W2030748132,Advanced Statistical Methods and Models,Statistics and Probability,article,2026-07-24T02:35:38+00:00
699,A Multivariate Exponential Distribution,10.1080/01621459.1967.10482885,https://doi.org/10.1080/01621459.1967.10482885,1967,1967-03-01,Journal of the American Statistical Association,1598,No,closed,,https://openalex.org/W2072430699,Statistical Distribution Estimation and Applications,Statistics and Probability,article,2026-07-24T02:35:38+00:00
700,How can I deal with missing data in my study?,10.1111/j.1467-842x.2001.tb00294.x,https://doi.org/10.1111/j.1467-842x.2001.tb00294.x,2001,2001-10-01,Australian and New Zealand Journal of Public Health,1597,No,closed,,https://openalex.org/W2074184525,Statistical Methods and Bayesian Inference,Statistics and Probability,article,2026-07-24T02:35:38+00:00
701,The Advanced Theory of Statistics.,10.2307/2986781,https://doi.org/10.2307/2986781,1968,1968-01-01,Journal of the Royal Statistical Society Series D (The Statistician),1588,No,closed,,https://openalex.org/W2797791043,Statistics Education and Methodologies,Statistics and Probability,article,2026-07-24T02:35:38+00:00
702,"Graphical Perception: Theory, Experimentation, and Application to the Development of Graphical Methods",10.1080/01621459.1984.10478080,https://doi.org/10.1080/01621459.1984.10478080,1984,1984-09-01,Journal of the American Statistical Association,1584,No,closed,,https://openalex.org/W1971781829,Advanced Statistical Methods and Models,Statistics and Probability,article,2026-07-24T02:35:38+00:00
703,Calibration Estimators in Survey Sampling,10.1080/01621459.1992.10475217,https://doi.org/10.1080/01621459.1992.10475217,1992,1992-06-01,Journal of the American Statistical Association,1582,No,closed,,https://openalex.org/W2077563060,Survey Sampling and Estimation Techniques,Statistics and Probability,article,2026-07-24T02:35:38+00:00
704,"Identification, Inference and Sensitivity Analysis for Causal Mediation Effects",10.1214/10-sts321,https://doi.org/10.1214/10-sts321,2010,2010-02-01,Statistical Science,1579,Yes,bronze,https://projecteuclid.org/journals/statistical-science/volume-25/issue-1/Identification-Inference-and-Sensitivity-Analysis-for-Causal-Mediation-Effects/10.1214/10-STS321.pdf,https://openalex.org/W2056621649,Advanced Causal Inference Techniques,Statistics and Probability,article,2026-07-24T02:35:38+00:00
705,Continual Reassessment Method: A Practical Design for Phase 1 Clinical Trials in Cancer,10.2307/2531628,https://doi.org/10.2307/2531628,1990,1990-03-01,Biometrics,1579,No,closed,,https://openalex.org/W2076108528,Statistical Methods in Clinical Trials,Statistics and Probability,article,2026-07-24T02:35:38+00:00
706,Multiple imputation in health‐are databases: An overview and some applications,10.1002/sim.4780100410,https://doi.org/10.1002/sim.4780100410,1991,1991-04-01,Statistics in Medicine,1579,No,closed,,https://openalex.org/W2158985195,Census and Population Estimation,Statistics and Probability,article,2026-07-24T02:35:38+00:00
707,The Principles and Practice of Statistics in Biological Research.,10.2307/2403308,https://doi.org/10.2307/2403308,1982,1982-12-01,Journal of Applied Ecology,1572,No,closed,,https://openalex.org/W3161349176,Statistics Education and Methodologies,Statistics and Probability,article,2026-07-24T02:35:38+00:00
708,Statistical Methods for Research Workers.,10.2307/2278215,https://doi.org/10.2307/2278215,1930,1930-09-01,Journal of the American Statistical Association,1571,No,closed,,https://openalex.org/W4301730562,Statistics Education and Methodologies,Statistics and Probability,article,2026-07-24T02:35:38+00:00
709,Applied Multivariate Statistical Analysis,10.2307/1271011,https://doi.org/10.2307/1271011,1999,1999-02-01,Technometrics,1565,No,closed,,https://openalex.org/W4301773902,Advanced Statistical Methods and Models,Statistics and Probability,article,2026-07-24T02:35:38+00:00
710,Unpacking the Black Box of Causality: Learning about Causal Mechanisms from Experimental and Observational Studies,10.1017/s0003055411000414,https://doi.org/10.1017/s0003055411000414,2011,2011-11-01,American Political Science Review,1562,Yes,green,http://nrs.harvard.edu/urn-3:HUL.InstRepos:38057813,https://openalex.org/W2132575282,Advanced Causal Inference Techniques,Statistics and Probability,article,2026-07-24T02:35:38+00:00
711,Categorical Data Analysis,10.1198/tech.2003.s28,https://doi.org/10.1198/tech.2003.s28,2003,2003-02-01,Technometrics,1562,No,closed,,https://openalex.org/W4302768905,Advanced Statistical Methods and Models,Statistics and Probability,article,2026-07-24T02:35:38+00:00
712,Using Generalized Estimating Equations for Longitudinal Data Analysis,10.1177/1094428104263672,https://doi.org/10.1177/1094428104263672,2004,2004-04-01,Organizational Research Methods,1561,Yes,bronze,https://journals.sagepub.com/doi/pdf/10.1177/1094428104263672,https://openalex.org/W2101831741,Statistical Methods and Bayesian Inference,Statistics and Probability,article,2026-07-24T02:35:38+00:00
713,Genstat 5 Release 3 Reference Manual.,10.2307/2983543,https://doi.org/10.2307/2983543,1994,1994-01-01,Journal of the Royal Statistical Society Series A (Statistics in Society),1561,No,closed,,https://openalex.org/W2107265366,Statistical Methods and Applications,Statistics and Probability,article,2026-07-24T02:35:38+00:00
714,Bayesian estimation supersedes the t test.,10.1037/a0029146,https://doi.org/10.1037/a0029146,2012,2012-07-09,Journal of Experimental Psychology General,1560,No,closed,,https://openalex.org/W2064604759,Statistical Methods in Clinical Trials,Statistics and Probability,article,2026-07-24T02:35:38+00:00
715,The Analysis of Failure Times in the Presence of Competing Risks,10.2307/2530374,https://doi.org/10.2307/2530374,1978,1978-12-01,Biometrics,1559,No,closed,,https://openalex.org/W2041055738,Statistical Methods in Clinical Trials,Statistics and Probability,article,2026-07-24T02:35:38+00:00
716,A Monte Carlo study of the effects of correlated method variance in moderated multiple regression analysis,10.1016/0749-5978(85)90002-0,https://doi.org/10.1016/0749-5978(85)90002-0,1985,1985-12-01,Organizational Behavior and Human Decision Processes,1556,No,closed,,https://openalex.org/W1984999771,Advanced Statistical Methods and Models,Statistics and Probability,article,2026-07-24T02:35:38+00:00
717,Distributions in Statistics: Continuous Multivariate Distributions.,10.2307/2344756,https://doi.org/10.2307/2344756,1973,1973-01-01,Journal of the Royal Statistical Society Series A (General),1556,No,closed,,https://openalex.org/W3027720329,Advanced Statistical Methods and Models,Statistics and Probability,article,2026-07-24T02:35:38+00:00
718,ON STATISTICAL CONVERGENCE,10.1524/anly.1985.5.4.301,https://doi.org/10.1524/anly.1985.5.4.301,1985,1985-01-01,Analysis,1553,No,closed,,https://openalex.org/W2313013207,Advanced Statistical Methods and Models,Statistics and Probability,article,2026-07-24T02:35:38+00:00
719,A Primer of Ecological Statistics,10.1198/tas.2005.s32,https://doi.org/10.1198/tas.2005.s32,2005,2005-11-01,The American Statistician,1552,No,closed,,https://openalex.org/W2036184757,Statistical Methods and Applications,Statistics and Probability,article,2026-07-24T02:35:38+00:00
720,Recursive partitioning for heterogeneous causal effects,10.1073/pnas.1510489113,https://doi.org/10.1073/pnas.1510489113,2016,2016-07-05,Proceedings of the National Academy of Sciences,1552,Yes,bronze,https://www.pnas.org/content/pnas/113/27/7353.full.pdf,https://openalex.org/W2305754340,Advanced Causal Inference Techniques,Statistics and Probability,article,2026-07-24T02:35:38+00:00
721,Riemann Manifold Langevin and Hamiltonian Monte Carlo Methods,10.1111/j.1467-9868.2010.00765.x,https://doi.org/10.1111/j.1467-9868.2010.00765.x,2011,2011-03-01,Journal of the Royal Statistical Society Series B (Statistical Methodology),1550,Yes,bronze,https://onlinelibrary.wiley.com/doi/pdfdirect/10.1111/j.1467-9868.2010.00765.x,https://openalex.org/W1545319692,Markov Chains and Monte Carlo Methods,Statistics and Probability,article,2026-07-24T02:35:38+00:00
722,DRAM: Efficient adaptive MCMC,10.1007/s11222-006-9438-0,https://doi.org/10.1007/s11222-006-9438-0,2006,2006-10-12,Statistics and Computing,1550,No,closed,,https://openalex.org/W2071544114,Markov Chains and Monte Carlo Methods,Statistics and Probability,article,2026-07-24T02:35:38+00:00
723,"Short-Term Memory, Working Memory, and Executive Functioning in Preschoolers: Longitudinal Predictors of Mathematical Achievement at Age 7 Years",10.1080/87565640801982312,https://doi.org/10.1080/87565640801982312,2008,2008-04-24,Developmental Neuropsychology,1550,Yes,green,https://www.ncbi.nlm.nih.gov/pmc/articles/2729141,https://openalex.org/W2107029160,Cognitive and developmental aspects of mathematical skills,Statistics and Probability,article,2026-07-24T02:35:38+00:00
724,<i>N</i>‐Mixture Models for Estimating Population Size from Spatially Replicated Counts,10.1111/j.0006-341x.2004.00142.x,https://doi.org/10.1111/j.0006-341x.2004.00142.x,2004,2004-03-01,Biometrics,1550,Yes,bronze,https://onlinelibrary.wiley.com/doi/pdfdirect/10.1111/j.0006-341X.2004.00142.x,https://openalex.org/W2155115177,Census and Population Estimation,Statistics and Probability,article,2026-07-24T02:35:38+00:00
725,Statistical Methods in Medical Research,10.2307/1266938,https://doi.org/10.2307/1266938,1972,1972-02-01,Technometrics,1550,No,closed,,https://openalex.org/W4302341942,Statistical Methods and Inference,Statistics and Probability,article,2026-07-24T02:35:38+00:00
726,Why Most Discovered True Associations Are Inflated,10.1097/ede.0b013e31818131e7,https://doi.org/10.1097/ede.0b013e31818131e7,2008,2008-08-11,Epidemiology,1549,No,closed,,https://openalex.org/W2150215887,Statistical Methods in Clinical Trials,Statistics and Probability,article,2026-07-24T02:35:38+00:00
727,"Rank-Normalization, Folding, and Localization: An Improved Rˆ for Assessing Convergence of MCMC (with Discussion)",10.1214/20-ba1221,https://doi.org/10.1214/20-ba1221,2020,2020-07-04,Bayesian Analysis,1548,Yes,diamond,https://projecteuclid.org/journals/bayesian-analysis/volume-16/issue-2/Rank-Normalization-Folding-and-Localization--An-Improved-R%cb%86-for/10.1214/20-BA1221.pdf,https://openalex.org/W2920804790,Markov Chains and Monte Carlo Methods,Statistics and Probability,article,2026-07-24T02:35:38+00:00
728,Conditional Independence in Statistical Theory,10.1111/j.2517-6161.1979.tb01052.x,https://doi.org/10.1111/j.2517-6161.1979.tb01052.x,1979,1979-09-01,Journal of the Royal Statistical Society Series B (Statistical Methodology),1548,No,closed,,https://openalex.org/W30853191,Statistical Methods and Inference,Statistics and Probability,article,2026-07-24T02:35:38+00:00
729,"Fleiss, J. L.: Statistical Methods for Rates and Proportions. John Wiley &amp; Sons, New York‐London‐Sydney‐Toronto 1973. XIII, 233 S.",10.1002/bimj.19740160814,https://doi.org/10.1002/bimj.19740160814,1974,1974-01-01,Biometrische Zeitschrift,1546,No,closed,,https://openalex.org/W2071245800,Statistical Methods and Bayesian Inference,Statistics and Probability,article,2026-07-24T02:35:38+00:00
730,Large number discrimination in 6-month-old infants,10.1016/s0010-0277(99)00066-9,https://doi.org/10.1016/s0010-0277(99)00066-9,2000,2000-01-01,Cognition,1546,No,closed,,https://openalex.org/W2073036035,Cognitive and developmental aspects of mathematical skills,Statistics and Probability,article,2026-07-24T02:35:38+00:00
731,"Flexible parametric proportional‐hazards and proportional‐odds models for censored survival data, with application to prognostic modelling and estimation of treatment effects",10.1002/sim.1203,https://doi.org/10.1002/sim.1203,2002,2002-07-16,Statistics in Medicine,1546,No,closed,,https://openalex.org/W2135369095,Statistical Methods and Inference,Statistics and Probability,article,2026-07-24T02:35:38+00:00
732,Analysis of Semiparametric Regression Models for Repeated Outcomes in the Presence of Missing Data,10.1080/01621459.1995.10476493,https://doi.org/10.1080/01621459.1995.10476493,1995,1995-03-01,Journal of the American Statistical Association,1544,No,closed,,https://openalex.org/W2116739230,Advanced Causal Inference Techniques,Statistics and Probability,article,2026-07-24T02:35:38+00:00
733,Principal Stratification in Causal Inference,10.1111/j.0006-341x.2002.00021.x,https://doi.org/10.1111/j.0006-341x.2002.00021.x,2002,2002-03-01,Biometrics,1544,Yes,green,,https://openalex.org/W2144512268,Advanced Causal Inference Techniques,Statistics and Probability,article,2026-07-24T02:35:38+00:00
734,Non-normal data: Is ANOVA still a valid option?,10.7334/psicothema2016.383,https://doi.org/10.7334/psicothema2016.383,2017,2017-11-01,Psicothema,1542,Yes,gold,https://doi.org/10.7334/psicothema2016.383,https://openalex.org/W2788256404,Statistical Methods in Clinical Trials,Statistics and Probability,article,2026-07-24T02:35:38+00:00
735,Bias and causal associations in observational research,10.1016/s0140-6736(02)07451-2,https://doi.org/10.1016/s0140-6736(02)07451-2,2002,2002-01-01,The Lancet,1540,No,closed,,https://openalex.org/W2100097418,Advanced Causal Inference Techniques,Statistics and Probability,article,2026-07-24T02:35:38+00:00
736,Monte Carlo Sampling Methods Using Markov Chains and Their Applications,10.2307/2334940,https://doi.org/10.2307/2334940,1970,1970-04-01,Biometrika,1540,No,closed,,https://openalex.org/W4246464108,Markov Chains and Monte Carlo Methods,Statistics and Probability,article,2026-07-24T02:35:38+00:00
737,An Overview of the Logic and Rationale of Hierarchical Linear Models,10.1177/014920639702300602,https://doi.org/10.1177/014920639702300602,1997,1997-12-01,Journal of Management,1539,No,closed,,https://openalex.org/W2116070274,Statistical Methods and Applications,Statistics and Probability,article,2026-07-24T02:35:38+00:00
738,An Efficient Method of Estimating Seemingly Unrelated Regressions and Tests for Aggregation Bias,10.2307/2281644,https://doi.org/10.2307/2281644,1962,1962-06-01,Journal of the American Statistical Association,1538,No,closed,,https://openalex.org/W4249051635,Advanced Statistical Methods and Models,Statistics and Probability,article,2026-07-24T02:35:38+00:00
739,Calculating measures of biological interaction,10.1007/s10654-005-7835-x,https://doi.org/10.1007/s10654-005-7835-x,2005,2005-07-01,European Journal of Epidemiology,1537,No,closed,,https://openalex.org/W1980263659,Statistical Methods in Clinical Trials,Statistics and Probability,article,2026-07-24T02:35:38+00:00
740,On the meaning and use of kurtosis.,10.1037/1082-989x.2.3.292,https://doi.org/10.1037/1082-989x.2.3.292,1997,1997-09-01,Psychological Methods,1536,No,closed,,https://openalex.org/W1989243075,Advanced Statistical Methods and Models,Statistics and Probability,article,2026-07-24T02:35:38+00:00
741,The Analysis of Contingency Tables,10.2307/1268142,https://doi.org/10.2307/1268142,1978,1978-08-01,Technometrics,1536,No,closed,,https://openalex.org/W2154027576,Advanced Statistical Methods and Models,Statistics and Probability,article,2026-07-24T02:35:38+00:00
742,Applied Multivariate Statistics for the Social Sciences,10.2307/2685203,https://doi.org/10.2307/2685203,1993,1993-05-01,The American Statistician,1532,No,closed,,https://openalex.org/W2322964208,Advanced Statistical Methods and Models,Statistics and Probability,article,2026-07-24T02:35:38+00:00
743,Multiple Imputation for Multivariate Missing-Data Problems: A Data Analyst's Perspective,10.1207/s15327906mbr3304_5,https://doi.org/10.1207/s15327906mbr3304_5,1998,1998-10-01,Multivariate Behavioral Research,1528,No,closed,,https://openalex.org/W2031668066,Statistical Methods and Bayesian Inference,Statistics and Probability,article,2026-07-24T02:35:38+00:00
744,BART: Bayesian additive regression trees,10.1214/09-aoas285,https://doi.org/10.1214/09-aoas285,2010,2010-03-01,The Annals of Applied Statistics,1525,Yes,bronze,https://projecteuclid.org/journals/annals-of-applied-statistics/volume-4/issue-1/BART-Bayesian-additive-regression-trees/10.1214/09-AOAS285.pdf,https://openalex.org/W2126292488,Statistical Methods and Inference,Statistics and Probability,article,2026-07-24T02:35:38+00:00
745,General Performance on a Numeracy Scale among Highly Educated Samples,10.1177/0272989x0102100105,https://doi.org/10.1177/0272989x0102100105,2001,2001-02-01,Medical Decision Making,1524,No,closed,,https://openalex.org/W2100026878,Cognitive and developmental aspects of mathematical skills,Statistics and Probability,article,2026-07-24T02:35:38+00:00
746,Some Concepts of Dependence,10.1214/aoms/1177699260,https://doi.org/10.1214/aoms/1177699260,1966,1966-10-01,The Annals of Mathematical Statistics,1524,Yes,diamond,https://projecteuclid.org/journals/annals-of-mathematical-statistics/volume-37/issue-5/Some-Concepts-of-Dependence/10.1214/aoms/1177699260.pdf,https://openalex.org/W2508109141,Advanced Statistical Methods and Models,Statistics and Probability,article,2026-07-24T02:35:38+00:00
747,Variance Inflation Factor: As a Condition for the Inclusion of Suppressor Variable(s) in Regression Analysis,10.4236/ojs.2015.57075,https://doi.org/10.4236/ojs.2015.57075,2015,2015-01-01,Open Journal of Statistics,1521,Yes,diamond,https://content.scirp.org/pdf/ojs_2015122416050944.pdf,https://openalex.org/W2271643717,Advanced Statistical Methods and Models,Statistics and Probability,article,2026-07-24T02:35:38+00:00
748,Implementing a Class of Permutation Tests: The<b>coin</b>Package,10.18637/jss.v028.i08,https://doi.org/10.18637/jss.v028.i08,2008,2008-01-01,Journal of Statistical Software,1519,Yes,diamond,https://doi.org/10.18637/jss.v028.i08,https://openalex.org/W2155920093,Statistical Methods in Clinical Trials,Statistics and Probability,article,2026-07-24T02:35:38+00:00
749,Practical Nonparametric Statistics.,10.2307/2981807,https://doi.org/10.2307/2981807,1981,1981-01-01,Journal of the Royal Statistical Society Series A (General),1519,No,closed,,https://openalex.org/W3015238844,Advanced Statistical Methods and Models,Statistics and Probability,article,2026-07-24T02:35:38+00:00
750,Error estimates on averages of correlated data,10.1063/1.457480,https://doi.org/10.1063/1.457480,1989,1989-07-01,The Journal of Chemical Physics,1519,No,closed,,https://openalex.org/W3017082821,Statistical Methods and Inference,Statistics and Probability,article,2026-07-24T02:35:38+00:00
751,Adjusting multiple testing in multilocus analyses using the eigenvalues of a correlation matrix,10.1038/sj.hdy.6800717,https://doi.org/10.1038/sj.hdy.6800717,2005,2005-08-03,Heredity,1518,Yes,bronze,https://www.nature.com/articles/6800717.pdf,https://openalex.org/W2107755054,Statistical Methods in Clinical Trials,Statistics and Probability,article,2026-07-24T02:35:38+00:00
752,CURSO DE ESTATÍSTICA EXPERIMENTAL,10.37856/bja.v61i1.712,https://doi.org/10.37856/bja.v61i1.712,1986,1986-01-01,BRAZILIAN JOURNAL OF AGRICULTURE - Revista de Agricultura,1516,Yes,green,https://www.fealq.org.br/ojs/index.php/revistadeagricultura/article/download/712/pdf_357,https://openalex.org/W3171827389,Statistical Methods and Applications,Statistics and Probability,article,2026-07-24T02:35:38+00:00
753,Inference on Treatment Effects after Selection among High-Dimensional Controls,10.1093/restud/rdt044,https://doi.org/10.1093/restud/rdt044,2013,2013-11-24,The Review of Economic Studies,1512,No,closed,,https://openalex.org/W2120846249,Statistical Methods and Inference,Statistics and Probability,article,2026-07-24T02:35:38+00:00
754,Empirical Likelihood Ratio Confidence Regions,10.1214/aos/1176347494,https://doi.org/10.1214/aos/1176347494,1990,1990-03-01,The Annals of Statistics,1509,Yes,bronze,https://projecteuclid.org/journals/annals-of-statistics/volume-18/issue-1/Empirical-Likelihood-Ratio-Confidence-Regions/10.1214/aos/1176347494.pdf,https://openalex.org/W1974234363,Statistical Methods and Inference,Statistics and Probability,article,2026-07-24T02:35:38+00:00
755,Negative Controls,10.1097/ede.0b013e3181d61eeb,https://doi.org/10.1097/ede.0b013e3181d61eeb,2010,2010-03-24,Epidemiology,1509,Yes,green,http://nrs.harvard.edu/urn-3:HUL.InstRepos:25143688,https://openalex.org/W2009428399,Advanced Causal Inference Techniques,Statistics and Probability,article,2026-07-24T02:35:38+00:00
756,Application of hierarchical linear models to assessing change.,10.1037/0033-2909.101.1.147,https://doi.org/10.1037/0033-2909.101.1.147,1987,1987-01-01,Psychological Bulletin,1508,No,closed,,https://openalex.org/W2078170899,Statistical Methods and Bayesian Inference,Statistics and Probability,article,2026-07-24T02:35:38+00:00
757,Probing Interactions in Fixed and Multilevel Regression: Inferential and Graphical Techniques,10.1207/s15327906mbr4003_5,https://doi.org/10.1207/s15327906mbr4003_5,2005,2005-07-01,Multivariate Behavioral Research,1505,Yes,bronze,https://www.tandfonline.com/doi/pdf/10.1207/s15327906mbr4003_5?download=true,https://openalex.org/W2003258289,Advanced Statistical Methods and Models,Statistics and Probability,article,2026-07-24T02:35:38+00:00
758,Survival Model Predictive Accuracy and ROC Curves,10.1111/j.0006-341x.2005.030814.x,https://doi.org/10.1111/j.0006-341x.2005.030814.x,2005,2005-02-28,Biometrics,1505,No,closed,,https://openalex.org/W2109242212,Statistical Methods and Bayesian Inference,Statistics and Probability,article,2026-07-24T02:35:38+00:00
759,A tutorial on propensity score estimation for multiple treatments using generalized boosted models,10.1002/sim.5753,https://doi.org/10.1002/sim.5753,2013,2013-03-18,Statistics in Medicine,1504,Yes,bronze,https://onlinelibrary.wiley.com/doi/pdfdirect/10.1002/sim.5753,https://openalex.org/W2048470090,Advanced Causal Inference Techniques,Statistics and Probability,article,2026-07-24T02:35:38+00:00
760,4. Regression with Missing Ys: An Improved Strategy for Analyzing Multiply Imputed Data,10.1111/j.1467-9531.2007.00180.x,https://doi.org/10.1111/j.1467-9531.2007.00180.x,2007,2007-05-18,Sociological Methodology,1503,Yes,green,https://arxiv.org/pdf/1605.01095,https://openalex.org/W2171160244,Statistical Methods and Inference,Statistics and Probability,article,2026-07-24T02:35:38+00:00
761,Encyclopedia of Statistical Sciences 2.,10.2307/2530789,https://doi.org/10.2307/2530789,1984,1984-03-01,Biometrics,1503,No,closed,,https://openalex.org/W2798141208,Statistical Methods and Applications,Statistics and Probability,article,2026-07-24T02:35:38+00:00
762,Efficient Design for Mendelian Randomization Studies: Subsample and 2-Sample Instrumental Variable Estimators,10.1093/aje/kwt084,https://doi.org/10.1093/aje/kwt084,2013,2013-07-17,American Journal of Epidemiology,1502,Yes,hybrid,https://academic.oup.com/aje/article-pdf/178/7/1177/17341118/kwt084.pdf,https://openalex.org/W2151872224,Advanced Causal Inference Techniques,Statistics and Probability,article,2026-07-24T02:35:38+00:00
763,Principles of confounder selection,10.1007/s10654-019-00494-6,https://doi.org/10.1007/s10654-019-00494-6,2019,2019-03-06,European Journal of Epidemiology,1502,Yes,hybrid,https://link.springer.com/content/pdf/10.1007/s10654-019-00494-6.pdf,https://openalex.org/W2921495327,Advanced Causal Inference Techniques,Statistics and Probability,article,2026-07-24T02:35:38+00:00
764,Designing Difference in Difference Studies: Best Practices for Public Health Policy Research,10.1146/annurev-publhealth-040617-013507,https://doi.org/10.1146/annurev-publhealth-040617-013507,2018,2018-01-12,Annual Review of Public Health,1501,Yes,hybrid,https://doi.org/10.1146/annurev-publhealth-040617-013507,https://openalex.org/W2783319287,Advanced Causal Inference Techniques,Statistics and Probability,article,2026-07-24T02:35:38+00:00
765,A Polydiagnostic Application of Operational Criteria in Studies of Psychotic Illness,10.1001/archpsyc.1991.01810320088015,https://doi.org/10.1001/archpsyc.1991.01810320088015,1991,1991-08-01,Archives of General Psychiatry,1500,No,closed,,https://openalex.org/W1965509311,Statistical Methods in Clinical Trials,Statistics and Probability,article,2026-07-24T02:35:38+00:00
766,"Executive Functioning as a Predictor of Children's Mathematics Ability: Inhibition, Switching, and Working Memory",10.1207/s15326942dn1903_3,https://doi.org/10.1207/s15326942dn1903_3,2001,2001-06-01,Developmental Neuropsychology,1498,No,closed,,https://openalex.org/W2142887785,Cognitive and developmental aspects of mathematical skills,Statistics and Probability,article,2026-07-24T02:35:38+00:00
767,Estimation of Error Rates in Discriminant Analysis,10.1080/00401706.1968.10490530,https://doi.org/10.1080/00401706.1968.10490530,1968,1968-02-01,Technometrics,1497,No,closed,,https://openalex.org/W2079100340,Advanced Statistical Methods and Models,Statistics and Probability,article,2026-07-24T02:35:38+00:00
768,Applied Life Data Analysis.,10.2307/2288691,https://doi.org/10.2307/2288691,1983,1983-06-01,Journal of the American Statistical Association,1489,No,closed,,https://openalex.org/W2127332440,Advanced Statistical Methods and Models,Statistics and Probability,article,2026-07-24T02:35:38+00:00
769,Nonparametric Inference for a Family of Counting Processes,10.1214/aos/1176344247,https://doi.org/10.1214/aos/1176344247,1978,1978-07-01,The Annals of Statistics,1485,No,closed,,https://openalex.org/W2085107973,Statistical Methods and Inference,Statistics and Probability,article,2026-07-24T02:35:38+00:00
770,Journal of the Royal Statistical Society.,10.1093/ej/31.121.133,https://doi.org/10.1093/ej/31.121.133,1921,1921-03-01,The Economic Journal,1483,No,closed,,https://openalex.org/W4253934678,Census and Population Estimation,Statistics and Probability,article,2026-07-24T02:35:38+00:00
771,Probability Estimates for Multi-class Classification by Pairwise Coupling,10.5555/1005332.1016791,https://doi.org/10.5555/1005332.1016791,2004,2004-12-01,Journal of Machine Learning Research,1480,No,closed,,https://openalex.org/W1510526001,Advanced Statistical Methods and Models,Statistics and Probability,article,2026-07-24T02:35:38+00:00
772,Sampling Weights and Regression Analysis,10.1177/0049124194023002004,https://doi.org/10.1177/0049124194023002004,1994,1994-11-01,Sociological Methods & Research,1480,No,closed,,https://openalex.org/W1998298224,Statistical Methods and Bayesian Inference,Statistics and Probability,article,2026-07-24T02:35:38+00:00
773,Individual differences in non-verbal number acuity correlate with maths achievement,10.1038/nature07246,https://doi.org/10.1038/nature07246,2008,2008-09-07,Nature,1480,No,closed,,https://openalex.org/W2014481741,Cognitive and developmental aspects of mathematical skills,Statistics and Probability,article,2026-07-24T02:35:38+00:00
774,Rank Transformations as a Bridge Between Parametric and Nonparametric Statistics,10.2307/2683975,https://doi.org/10.2307/2683975,1981,1981-08-01,The American Statistician,1478,No,closed,,https://openalex.org/W4231714144,Advanced Statistical Methods and Models,Statistics and Probability,article,2026-07-24T02:35:38+00:00
775,Causal Knowledge as a Prerequisite for Confounding Evaluation: An Application to Birth Defects Epidemiology,10.1093/aje/155.2.176,https://doi.org/10.1093/aje/155.2.176,2002,2002-01-15,American Journal of Epidemiology,1477,Yes,bronze,https://academic.oup.com/aje/article-pdf/155/2/176/252748/176.pdf,https://openalex.org/W2113002312,Advanced Causal Inference Techniques,Statistics and Probability,article,2026-07-24T02:35:38+00:00
776,Alternatives to the Median Absolute Deviation,10.2307/2291267,https://doi.org/10.2307/2291267,1993,1993-12-01,Journal of the American Statistical Association,1476,No,closed,,https://openalex.org/W4229530126,Advanced Statistical Methods and Models,Statistics and Probability,article,2026-07-24T02:35:38+00:00
777,Challenges of Big Data analysis,10.1093/nsr/nwt032,https://doi.org/10.1093/nsr/nwt032,2014,2014-02-05,National Science Review,1474,Yes,hybrid,https://academic.oup.com/nsr/article-pdf/1/2/293/31565398/nwt032.pdf,https://openalex.org/W2114060717,Statistical Methods and Inference,Statistics and Probability,article,2026-07-24T02:35:38+00:00
778,Bayesian Inference in Statistical Analysis,10.2307/1267683,https://doi.org/10.2307/1267683,1974,1974-08-01,Technometrics,1474,No,closed,,https://openalex.org/W4300476846,Statistical Methods and Inference,Statistics and Probability,article,2026-07-24T02:35:38+00:00
779,Overall <i>C</i> as a measure of discrimination in survival analysis: model specific population value and confidence interval estimation,10.1002/sim.1802,https://doi.org/10.1002/sim.1802,2004,2004-06-14,Statistics in Medicine,1473,No,closed,,https://openalex.org/W2149407433,Statistical Methods and Bayesian Inference,Statistics and Probability,article,2026-07-24T02:35:38+00:00
780,Design and analysis of stepped wedge cluster randomized trials,10.1016/j.cct.2006.05.007,https://doi.org/10.1016/j.cct.2006.05.007,2006,2006-07-08,Contemporary Clinical Trials,1471,No,closed,,https://openalex.org/W2032039690,Statistical Methods in Clinical Trials,Statistics and Probability,article,2026-07-24T02:35:38+00:00
781,Attitudes Can Be Measured,10.1086/214483,https://doi.org/10.1086/214483,1928,1928-01-01,American Journal of Sociology,1468,No,closed,,https://openalex.org/W1970133260,Advanced Statistical Methods and Models,Statistics and Probability,article,2026-07-24T02:35:38+00:00
782,An Introduction to the Theory of Statistics,10.2307/1402858,https://doi.org/10.2307/1402858,1973,1973-08-01,International Statistical Review,1467,No,closed,,https://openalex.org/W2061974965,Statistics Education and Methodologies,Statistics and Probability,article,2026-07-24T02:35:38+00:00
783,Data Analysis and Regression.,10.2307/2344493,https://doi.org/10.2307/2344493,1978,1978-01-01,Journal of the Royal Statistical Society Series A (General),1465,No,closed,,https://openalex.org/W25587163,Statistical Methods and Applications,Statistics and Probability,article,2026-07-24T02:35:38+00:00
784,The Jackknife Estimate of Variance,10.1214/aos/1176345462,https://doi.org/10.1214/aos/1176345462,1981,1981-05-01,The Annals of Statistics,1463,No,closed,,https://openalex.org/W1992068214,Advanced Statistical Methods and Models,Statistics and Probability,article,2026-07-24T02:35:38+00:00
785,Mean Absolute Percentage Error for regression models,10.1016/j.neucom.2015.12.114,https://doi.org/10.1016/j.neucom.2015.12.114,2016,2016-03-09,Neurocomputing,1463,Yes,green,https://arxiv.org/pdf/1605.02541,https://openalex.org/W2296609147,Advanced Statistical Methods and Models,Statistics and Probability,article,2026-07-24T02:35:38+00:00
786,Efficient and Adaptive Estimation for Semiparametric Models.,10.2307/2533465,https://doi.org/10.2307/2533465,1994,1994-12-01,Biometrics,1461,No,closed,,https://openalex.org/W2796930163,Statistical Methods and Inference,Statistics and Probability,article,2026-07-24T02:35:38+00:00
787,The area above the ordinal dominance graph and the area below the receiver operating characteristic graph,10.1016/0022-2496(75)90001-2,https://doi.org/10.1016/0022-2496(75)90001-2,1975,1975-11-01,Journal of Mathematical Psychology,1460,No,closed,,https://openalex.org/W1990534247,Advanced Statistical Methods and Models,Statistics and Probability,article,2026-07-24T02:35:38+00:00
788,The Distance-Weighted k-Nearest-Neighbor Rule,10.1109/tsmc.1976.5408784,https://doi.org/10.1109/tsmc.1976.5408784,1976,1976-04-01,IEEE Transactions on Systems Man and Cybernetics,1460,No,closed,,https://openalex.org/W2130695501,Advanced Statistical Methods and Models,Statistics and Probability,article,2026-07-24T02:35:38+00:00
789,Introduction to Statistical Analysis.,10.2307/2986842,https://doi.org/10.2307/2986842,1970,1970-01-01,Journal of the Royal Statistical Society Series D (The Statistician),1457,No,closed,,https://openalex.org/W2795696357,Statistical Methods and Applications,Statistics and Probability,article,2026-07-24T02:35:38+00:00
790,Recent Advances in Quantile Regression Models: A Practical Guideline for Empirical Research,10.2307/146316,https://doi.org/10.2307/146316,1998,1998-01-01,The Journal of Human Resources,1456,No,closed,,https://openalex.org/W1501835916,Statistical Methods and Inference,Statistics and Probability,article,2026-07-24T02:35:38+00:00
791,Applications of structural equation modeling (SEM) in ecological studies: an updated review,10.1186/s13717-016-0063-3,https://doi.org/10.1186/s13717-016-0063-3,2016,2016-11-17,Ecological Processes,1456,Yes,diamond,https://ecologicalprocesses.springeropen.com/track/pdf/10.1186/s13717-016-0063-3,https://openalex.org/W2551658670,Statistical Methods and Applications,Statistics and Probability,article,2026-07-24T02:35:38+00:00
792,An introduction to modern missing data analyses,10.1016/j.jsp.2009.10.001,https://doi.org/10.1016/j.jsp.2009.10.001,2009,2009-11-24,Journal of School Psychology,1455,No,closed,,https://openalex.org/W2068331431,Statistical Methods and Bayesian Inference,Statistics and Probability,article,2026-07-24T02:35:38+00:00
793,"Extensions to decision curve analysis, a novel method for evaluating diagnostic tests, prediction models and molecular markers",10.1186/1472-6947-8-53,https://doi.org/10.1186/1472-6947-8-53,2008,2008-11-26,BMC Medical Informatics and Decision Making,1455,Yes,gold,https://bmcmedinformdecismak.biomedcentral.com/counter/pdf/10.1186/1472-6947-8-53,https://openalex.org/W2166339706,Statistical Methods in Clinical Trials,Statistics and Probability,article,2026-07-24T02:35:38+00:00
794,Rectangular Confidence Regions for the Means of Multivariate Normal Distributions,10.2307/2283989,https://doi.org/10.2307/2283989,1967,1967-06-01,Journal of the American Statistical Association,1455,No,closed,,https://openalex.org/W4230727657,Advanced Statistical Methods and Models,Statistics and Probability,article,2026-07-24T02:35:38+00:00
795,"The unicorn, the normal curve, and other improbable creatures.",10.1037/0033-2909.105.1.156,https://doi.org/10.1037/0033-2909.105.1.156,1989,1989-01-01,Psychological Bulletin,1449,No,closed,,https://openalex.org/W2111669400,Advanced Statistical Methods and Models,Statistics and Probability,article,2026-07-24T02:35:38+00:00
796,"Strong Control, Conservative Point Estimation and Simultaneous Conservative Consistency of False Discovery Rates: A Unified Approach",10.1111/j.1467-9868.2004.00439.x,https://doi.org/10.1111/j.1467-9868.2004.00439.x,2003,2003-12-22,Journal of the Royal Statistical Society Series B (Statistical Methodology),1449,Yes,bronze,https://academic.oup.com/jrsssb/article-pdf/66/1/187/49727331/jrsssb_66_1_187.pdf,https://openalex.org/W2146273335,Statistical Methods in Clinical Trials,Statistics and Probability,article,2026-07-24T02:35:38+00:00
797,The use of propensity score methods with survival or time‐to‐event outcomes: reporting measures of effect similar to those used in randomized experiments,10.1002/sim.5984,https://doi.org/10.1002/sim.5984,2013,2013-09-30,Statistics in Medicine,1448,Yes,hybrid,https://onlinelibrary.wiley.com/doi/pdfdirect/10.1002/sim.5984,https://openalex.org/W2144168223,Advanced Causal Inference Techniques,Statistics and Probability,article,2026-07-24T02:35:38+00:00
798,Statistical Analysis Based on a Certain Multivariate Complex Gaussian Distribution (An Introduction),10.1214/aoms/1177704250,https://doi.org/10.1214/aoms/1177704250,1963,1963-03-01,The Annals of Mathematical Statistics,1446,Yes,diamond,https://projecteuclid.org/journals/annals-of-mathematical-statistics/volume-34/issue-1/Statistical-Analysis-Based-on-a-Certain-Multivariate-Complex-Gaussian-Distribution/10.1214/aoms/1177704250.pdf,https://openalex.org/W2037095848,Advanced Statistical Methods and Models,Statistics and Probability,article,2026-07-24T02:35:38+00:00
799,Testing Against General Autoregressive and Moving Average Error Models when the Regressors Include Lagged Dependent Variables,10.2307/1913829,https://doi.org/10.2307/1913829,1978,1978-11-01,Econometrica,1444,No,closed,,https://openalex.org/W2085925457,Statistical Methods and Inference,Statistics and Probability,article,2026-07-24T02:35:38+00:00
800,Biometrika Tables for Statisticians,10.2307/2004190,https://doi.org/10.2307/2004190,1967,1967-04-01,Mathematics of Computation,1444,No,closed,,https://openalex.org/W2797098714,Advanced Statistical Methods and Models,Statistics and Probability,article,2026-07-24T02:35:38+00:00
801,Cross-Validation of Regression Models,10.1080/01621459.1984.10478083,https://doi.org/10.1080/01621459.1984.10478083,1984,1984-09-01,Journal of the American Statistical Association,1443,No,closed,,https://openalex.org/W2077562320,Advanced Statistical Methods and Models,Statistics and Probability,article,2026-07-24T02:35:38+00:00
802,Bias-Corrected Matching Estimators for Average Treatment Effects,10.1198/jbes.2009.07333,https://doi.org/10.1198/jbes.2009.07333,2010,2010-09-02,Journal of Business and Economic Statistics,1443,No,closed,,https://openalex.org/W2094368311,Advanced Causal Inference Techniques,Statistics and Probability,article,2026-07-24T02:35:38+00:00
803,Statistical Analysis of Sets of Congeneric Tests,10.1007/bf02291393,https://doi.org/10.1007/bf02291393,1971,1971-06-01,Psychometrika,1441,No,closed,,https://openalex.org/W4247425252,Advanced Statistical Methods and Models,Statistics and Probability,article,2026-07-24T02:35:38+00:00
804,Statistical Methods for Health Care Research,10.3928/0098-9134-19950701-15,https://doi.org/10.3928/0098-9134-19950701-15,1995,1995-07-01,Journal of Gerontological Nursing,1439,No,closed,,https://openalex.org/W1976034632,Statistical Methods and Inference,Statistics and Probability,article,2026-07-24T02:35:38+00:00
805,The horseshoe estimator for sparse signals,10.1093/biomet/asq017,https://doi.org/10.1093/biomet/asq017,2010,2010-04-28,Biometrika,1437,No,closed,,https://openalex.org/W2114169935,Statistical Methods and Inference,Statistics and Probability,article,2026-07-24T02:35:38+00:00
806,"Accelerated Testing: Statistical Models, Test Plans, and Data Analyses.",10.2307/2347642,https://doi.org/10.2307/2347642,1992,1992-01-01,Journal of the Royal Statistical Society Series C (Applied Statistics),1436,No,closed,,https://openalex.org/W2795854098,Advanced Statistical Methods and Models,Statistics and Probability,article,2026-07-24T02:35:38+00:00
807,Using Heteroscedasticity Consistent Standard Errors in the Linear Regression Model,10.1080/00031305.2000.10474549,https://doi.org/10.1080/00031305.2000.10474549,2000,2000-08-01,The American Statistician,1435,No,closed,,https://openalex.org/W2047142410,Advanced Statistical Methods and Models,Statistics and Probability,article,2026-07-24T02:35:38+00:00
808,Functional Data Analysis,10.2307/2669864,https://doi.org/10.2307/2669864,1998,1998-09-01,Journal of the American Statistical Association,1432,No,closed,,https://openalex.org/W2153675946,Statistical Methods and Inference,Statistics and Probability,article,2026-07-24T02:35:38+00:00
809,Modeling the Drop-Out Mechanism in Repeated-Measures Studies,10.1080/01621459.1995.10476615,https://doi.org/10.1080/01621459.1995.10476615,1995,1995-09-01,Journal of the American Statistical Association,1431,No,closed,,https://openalex.org/W2050762021,Statistical Methods and Bayesian Inference,Statistics and Probability,article,2026-07-24T02:35:38+00:00
810,Practical Nonparametric Statistics,10.2307/1268234,https://doi.org/10.2307/1268234,1981,1981-11-01,Technometrics,1430,No,closed,,https://openalex.org/W4298330243,Advanced Statistical Methods and Models,Statistics and Probability,article,2026-07-24T02:35:38+00:00
811,Checking the Cox model with cumulative sums of martingale-based residuals,10.1093/biomet/80.3.557,https://doi.org/10.1093/biomet/80.3.557,1993,1993-01-01,Biometrika,1428,No,closed,,https://openalex.org/W2034948055,Statistical Methods and Inference,Statistics and Probability,article,2026-07-24T02:35:38+00:00
812,Statistics in Medicine — Reporting of Subgroup Analyses in Clinical Trials,10.1056/nejmsr077003,https://doi.org/10.1056/nejmsr077003,2007,2007-11-21,New England Journal of Medicine,1428,Yes,bronze,https://www.nejm.org/doi/pdf/10.1056/NEJMsr077003?articleTools=true,https://openalex.org/W2098931866,Statistical Methods in Clinical Trials,Statistics and Probability,article,2026-07-24T02:35:38+00:00
813,Combining independent studies of a diagnostic test into a summary roc curve: Data‐analytic approaches and some additional considerations,10.1002/sim.4780121403,https://doi.org/10.1002/sim.4780121403,1993,1993-07-30,Statistics in Medicine,1428,No,closed,,https://openalex.org/W2113009004,Advanced Statistical Methods and Models,Statistics and Probability,article,2026-07-24T02:35:38+00:00
814,"Using Synthetic Controls: Feasibility, Data Requirements, and Methodological Aspects",10.1257/jel.20191450,https://doi.org/10.1257/jel.20191450,2021,2021-06-01,Journal of Economic Literature,1427,Yes,green,https://hdl.handle.net/1721.1/144417,https://openalex.org/W3169407454,Advanced Causal Inference Techniques,Statistics and Probability,article,2026-07-24T02:35:38+00:00
815,Implementing Matching Estimators for Average Treatment Effects in Stata,10.1177/1536867x0400400307,https://doi.org/10.1177/1536867x0400400307,2004,2004-08-01,The Stata Journal Promoting communications on statistics and Stata,1426,Yes,bronze,https://journals.sagepub.com/doi/pdf/10.1177/1536867X0400400307,https://openalex.org/W2096206955,Advanced Causal Inference Techniques,Statistics and Probability,article,2026-07-24T02:35:38+00:00
816,Practical Nonparametric Statistics,10.2307/1267149,https://doi.org/10.2307/1267149,1972,1972-11-01,Technometrics,1425,No,closed,,https://openalex.org/W4298335024,Advanced Statistical Methods and Models,Statistics and Probability,article,2026-07-24T02:35:38+00:00
817,PRACTITIONERS’ CORNER: Computing Robust Standard Errors for Within‐groups Estimators<sup>*</sup>,10.1111/j.1468-0084.1987.mp49004006.x,https://doi.org/10.1111/j.1468-0084.1987.mp49004006.x,1987,1987-11-01,Oxford Bulletin of Economics and Statistics,1423,No,closed,,https://openalex.org/W2118859991,Survey Sampling and Estimation Techniques,Statistics and Probability,article,2026-07-24T02:35:38+00:00
818,Measures of location and scale for velocities in clusters of galaxies - A robust approach,10.1086/115487,https://doi.org/10.1086/115487,1990,1990-07-01,The Astronomical Journal,1422,No,closed,,https://openalex.org/W2077005128,Advanced Statistical Methods and Models,Statistics and Probability,article,2026-07-24T02:35:38+00:00
819,An Extension of Shapiro and Wilk's W Test for Normality to Large Samples,10.2307/2347973,https://doi.org/10.2307/2347973,1982,1982-01-01,Journal of the Royal Statistical Society Series C (Applied Statistics),1421,No,closed,,https://openalex.org/W1543298386,Statistical Distribution Estimation and Applications,Statistics and Probability,article,2026-07-24T02:35:38+00:00
820,Bayesian Variable Selection in Linear Regression,10.1080/01621459.1988.10478694,https://doi.org/10.1080/01621459.1988.10478694,1988,1988-12-01,Journal of the American Statistical Association,1420,No,closed,,https://openalex.org/W1999974018,Advanced Statistical Methods and Models,Statistics and Probability,article,2026-07-24T02:35:38+00:00
821,Pseudo Maximum Likelihood Methods: Theory,10.2307/1913471,https://doi.org/10.2307/1913471,1984,1984-05-01,Econometrica,1419,Yes,green,http://www.cepremap.fr/depot/couv_orange/co8129.pdf,https://openalex.org/W2070047061,Advanced Statistical Methods and Models,Statistics and Probability,article,2026-07-24T02:35:38+00:00
822,Goodness of Fit and Related Inference Processes for Quantile Regression,10.1080/01621459.1999.10473882,https://doi.org/10.1080/01621459.1999.10473882,1999,1999-12-01,Journal of the American Statistical Association,1417,No,closed,,https://openalex.org/W2118711140,Advanced Statistical Methods and Models,Statistics and Probability,article,2026-07-24T02:35:38+00:00
823,Reducing bias through directed acyclic graphs,10.1186/1471-2288-8-70,https://doi.org/10.1186/1471-2288-8-70,2008,2008-10-30,BMC Medical Research Methodology,1415,Yes,gold,https://bmcmedresmethodol.biomedcentral.com/counter/pdf/10.1186/1471-2288-8-70,https://openalex.org/W2089198100,Advanced Causal Inference Techniques,Statistics and Probability,article,2026-07-24T02:35:38+00:00
824,T test as a parametric statistic,10.4097/kjae.2015.68.6.540,https://doi.org/10.4097/kjae.2015.68.6.540,2015,2015-01-01,Korean Journal of Anesthesiology,1414,Yes,diamond,http://ekja.org/upload/pdf/kjae-68-540.pdf,https://openalex.org/W2183659962,Statistical Methods in Clinical Trials,Statistics and Probability,article,2026-07-24T02:35:38+00:00
825,A case-cohort design for epidemiologic cohort studies and disease prevention trials,10.1093/biomet/73.1.1,https://doi.org/10.1093/biomet/73.1.1,1986,1986-01-01,Biometrika,1413,No,closed,,https://openalex.org/W2053301665,Advanced Causal Inference Techniques,Statistics and Probability,article,2026-07-24T02:35:38+00:00
826,Permutation Tests: A Practical Guide to Resampling Methods for Testing Hypotheses,10.2307/1269919,https://doi.org/10.2307/1269919,1995,1995-08-01,Technometrics,1413,No,closed,,https://openalex.org/W2105494575,Advanced Statistical Methods and Models,Statistics and Probability,article,2026-07-24T02:35:38+00:00
827,Difference-in-Differences with multiple time periods,10.1016/j.jeconom.2020.12.001,https://doi.org/10.1016/j.jeconom.2020.12.001,2020,2020-12-17,Journal of Econometrics,1413,Yes,green,http://arxiv.org/pdf/1803.09015,https://openalex.org/W3113269512,Advanced Causal Inference Techniques,Statistics and Probability,article,2026-07-24T02:35:38+00:00
828,Introduction to Linear Regression Analysis.,10.2307/2348054,https://doi.org/10.2307/2348054,1983,1983-01-01,Journal of the Royal Statistical Society Series C (Applied Statistics),1413,No,closed,,https://openalex.org/W4230452299,Advanced Statistical Methods and Models,Statistics and Probability,article,2026-07-24T02:35:38+00:00
829,Multivariate and Propensity Score Matching Software with Automated Balance Optimization: The<b>Matching</b>Package for<i>R</i>,10.18637/jss.v042.i07,https://doi.org/10.18637/jss.v042.i07,2011,2011-01-01,Journal of Statistical Software,1412,Yes,diamond,https://doi.org/10.18637/jss.v042.i07,https://openalex.org/W3122049309,Statistical Methods and Inference,Statistics and Probability,article,2026-07-24T02:35:38+00:00
830,On closed testing procedures with special reference to ordered analysis of variance,10.1093/biomet/63.3.655,https://doi.org/10.1093/biomet/63.3.655,1976,1976-01-01,Biometrika,1411,No,closed,,https://openalex.org/W2120148445,Advanced Statistical Methods and Models,Statistics and Probability,article,2026-07-24T02:35:38+00:00
831,Statistical Methods in Medical Research.,10.2307/2982765,https://doi.org/10.2307/2982765,1988,1988-01-01,Journal of the Royal Statistical Society Series A (Statistics in Society),1409,No,closed,,https://openalex.org/W2321510787,Statistical Methods and Inference,Statistics and Probability,article,2026-07-24T02:35:38+00:00
832,Practical Nonparametric Statistics,10.2307/2669565,https://doi.org/10.2307/2669565,2000,2000-03-01,Journal of the American Statistical Association,1408,No,closed,,https://openalex.org/W4302367531,Advanced Statistical Methods and Models,Statistics and Probability,article,2026-07-24T02:35:38+00:00
833,Unmasking Multivariate Outliers and Leverage Points,10.1080/01621459.1990.10474920,https://doi.org/10.1080/01621459.1990.10474920,1990,1990-09-01,Journal of the American Statistical Association,1407,No,closed,,https://openalex.org/W2068302187,Advanced Statistical Methods and Models,Statistics and Probability,article,2026-07-24T02:35:38+00:00
834,Elements of Econometrics.,10.2307/2552662,https://doi.org/10.2307/2552662,1972,1972-05-01,Economica,1406,No,closed,,https://openalex.org/W4241724657,Advanced Statistical Methods and Models,Statistics and Probability,article,2026-07-24T02:35:38+00:00
835,Using heteroskedasticity-consistent standard error estimators in OLS regression: An introduction and software implementation,10.3758/bf03192961,https://doi.org/10.3758/bf03192961,2007,2007-11-01,Behavior Research Methods,1405,Yes,bronze,https://link.springer.com/content/pdf/10.3758/BF03192961.pdf,https://openalex.org/W2032167823,Statistical Methods and Bayesian Inference,Statistics and Probability,article,2026-07-24T02:35:38+00:00
836,A generalized Kruskal-Wallis test for comparing K samples subject to unequal patterns of censorship,10.1093/biomet/57.3.579,https://doi.org/10.1093/biomet/57.3.579,1970,1970-01-01,Biometrika,1405,No,closed,,https://openalex.org/W2079708060,Statistical Distribution Estimation and Applications,Statistics and Probability,article,2026-07-24T02:35:38+00:00
837,Continuous Selections. I,10.2307/1969615,https://doi.org/10.2307/1969615,1956,1956-03-01,Annals of Mathematics,1404,No,closed,,https://openalex.org/W2322654430,Advanced Statistical Methods and Models,Statistics and Probability,article,2026-07-24T02:35:38+00:00
838,Application of Least Squares Regression to Relationships Containing Auto-Correlated Error Terms,10.1080/01621459.1949.10483290,https://doi.org/10.1080/01621459.1949.10483290,1949,1949-03-01,Journal of the American Statistical Association,1399,No,closed,,https://openalex.org/W2017887707,Advanced Statistical Methods and Models,Statistics and Probability,article,2026-07-24T02:35:38+00:00
839,Parameter Orthogonality and Approximate Conditional Inference,10.1111/j.2517-6161.1987.tb01422.x,https://doi.org/10.1111/j.2517-6161.1987.tb01422.x,1987,1987-09-01,Journal of the Royal Statistical Society Series B (Statistical Methodology),1397,No,closed,,https://openalex.org/W1959492,Statistical Methods and Inference,Statistics and Probability,article,2026-07-24T02:35:38+00:00
840,Parametric Empirical Bayes Inference: Theory and Applications,10.1080/01621459.1983.10477920,https://doi.org/10.1080/01621459.1983.10477920,1983,1983-03-01,Journal of the American Statistical Association,1397,No,closed,,https://openalex.org/W1983607152,Statistical Methods and Bayesian Inference,Statistics and Probability,article,2026-07-24T02:35:38+00:00
841,Choosing a multivariate model: Noncentrality and goodness of fit.,10.1037/0033-2909.107.2.247,https://doi.org/10.1037/0033-2909.107.2.247,1990,1990-03-01,Psychological Bulletin,1396,No,closed,,https://openalex.org/W2065592277,Advanced Statistical Methods and Models,Statistics and Probability,article,2026-07-24T02:35:38+00:00
842,Small sample size effects in statistical pattern recognition: recommendations for practitioners,10.1109/34.75512,https://doi.org/10.1109/34.75512,1991,1991-03-01,IEEE Transactions on Pattern Analysis and Machine Intelligence,1394,No,closed,,https://openalex.org/W2002645541,Advanced Statistical Methods and Models,Statistics and Probability,article,2026-07-24T02:35:38+00:00
843,Introduction to Variance Estimation.,10.2307/2289497,https://doi.org/10.2307/2289497,1987,1987-06-01,Journal of the American Statistical Association,1391,No,closed,,https://openalex.org/W2117161260,Advanced Statistical Methods and Models,Statistics and Probability,article,2026-07-24T02:35:38+00:00
844,"Training, Wages, and Sample Selection: Estimating Sharp Bounds on Treatment Effects",10.1111/j.1467-937x.2009.00536.x,https://doi.org/10.1111/j.1467-937x.2009.00536.x,2009,2009-06-12,The Review of Economic Studies,1391,No,closed,,https://openalex.org/W2890543633,Advanced Causal Inference Techniques,Statistics and Probability,article,2026-07-24T02:35:38+00:00
845,Applied Linear Statistical Models,10.1198/016214508000000300,https://doi.org/10.1198/016214508000000300,2008,2008-06-01,Journal of the American Statistical Association,1390,No,closed,,https://openalex.org/W2005617509,Statistical Methods and Bayesian Inference,Statistics and Probability,article,2026-07-24T02:35:38+00:00
846,Missing Data,10.1177/1094428114548590,https://doi.org/10.1177/1094428114548590,2014,2014-09-26,Organizational Research Methods,1388,No,closed,,https://openalex.org/W2047813468,Statistical Methods and Bayesian Inference,Statistics and Probability,article,2026-07-24T02:35:38+00:00
847,The Relationship Between Variable Selection and Data Agumentation and a Method for Prediction,10.1080/00401706.1974.10489157,https://doi.org/10.1080/00401706.1974.10489157,1974,1974-02-01,Technometrics,1385,No,closed,,https://openalex.org/W2050297026,Advanced Statistical Methods and Models,Statistics and Probability,article,2026-07-24T02:35:38+00:00
848,Multivariate Data Analysis,10.2307/1402480,https://doi.org/10.2307/1402480,1972,1972-12-01,International Statistical Review,1384,No,closed,,https://openalex.org/W4295063741,Advanced Statistical Methods and Models,Statistics and Probability,article,2026-07-24T02:35:38+00:00
849,Preverbal and verbal counting and computation,10.1016/0010-0277(92)90050-r,https://doi.org/10.1016/0010-0277(92)90050-r,1992,1992-01-01,Cognition,1383,No,closed,,https://openalex.org/W2085633407,Cognitive and developmental aspects of mathematical skills,Statistics and Probability,article,2026-07-24T02:35:38+00:00
850,Recall bias in epidemiologic studies,10.1016/0895-4356(90)90060-3,https://doi.org/10.1016/0895-4356(90)90060-3,1990,1990-01-01,Journal of Clinical Epidemiology,1382,No,closed,,https://openalex.org/W1969606544,Statistical Methods in Epidemiology,Statistics and Probability,article,2026-07-24T02:35:38+00:00
851,Applied Linear Regression.,10.2307/2981572,https://doi.org/10.2307/2981572,1986,1986-01-01,Journal of the Royal Statistical Society Series A (General),1382,No,closed,,https://openalex.org/W3016133651,Advanced Statistical Methods and Models,Statistics and Probability,article,2026-07-24T02:35:38+00:00
852,Kendall's Advanced Theory of Statistics.,10.2307/2348968,https://doi.org/10.2307/2348968,1994,1994-01-01,Journal of the Royal Statistical Society Series D (The Statistician),1380,No,closed,,https://openalex.org/W3022255685,Advanced Statistical Methods and Models,Statistics and Probability,article,2026-07-24T02:35:38+00:00
853,Improvements on Cross-Validation: The 632+ Bootstrap Method,10.1080/01621459.1997.10474007,https://doi.org/10.1080/01621459.1997.10474007,1997,1997-06-01,Journal of the American Statistical Association,1375,No,closed,,https://openalex.org/W2127314075,Advanced Statistical Methods and Models,Statistics and Probability,article,2026-07-24T02:35:38+00:00
854,The Advanced Theory of Statistics.,10.2307/2335072,https://doi.org/10.2307/2335072,1967,1967-12-01,Biometrika,1375,No,closed,,https://openalex.org/W4300185665,Statistics Education and Methodologies,Statistics and Probability,article,2026-07-24T02:35:38+00:00
855,Why High-Order Polynomials Should Not Be Used in Regression Discontinuity Designs,10.1080/07350015.2017.1366909,https://doi.org/10.1080/07350015.2017.1366909,2017,2017-08-17,Journal of Business and Economic Statistics,1374,No,closed,,https://openalex.org/W1531424399,Statistical Methods and Inference,Statistics and Probability,article,2026-07-24T02:35:38+00:00
856,"Nonparametric estimates of standard error: The jackknife, the bootstrap and other methods",10.1093/biomet/68.3.589,https://doi.org/10.1093/biomet/68.3.589,1981,1981-01-01,Biometrika,1374,No,closed,,https://openalex.org/W2006820723,Advanced Statistical Methods and Models,Statistics and Probability,article,2026-07-24T02:35:38+00:00
857,A method for assessing the quality of a randomized control trial,10.1016/0197-2456(81)90056-8,https://doi.org/10.1016/0197-2456(81)90056-8,1981,1981-05-01,Controlled Clinical Trials,1374,No,closed,,https://openalex.org/W2057212716,Statistical Methods in Clinical Trials,Statistics and Probability,article,2026-07-24T02:35:38+00:00
858,Generalized Additive Models for Location Scale and Shape (GAMLSS) in<i>R</i>,10.18637/jss.v023.i07,https://doi.org/10.18637/jss.v023.i07,2007,2007-01-01,Journal of Statistical Software,1371,Yes,diamond,https://doi.org/10.18637/jss.v023.i07,https://openalex.org/W1507444366,Advanced Statistical Methods and Models,Statistics and Probability,article,2026-07-24T02:35:38+00:00
859,Estimating the Number of Classes via Sample Coverage,10.1080/01621459.1992.10475194,https://doi.org/10.1080/01621459.1992.10475194,1992,1992-03-01,Journal of the American Statistical Association,1370,No,closed,,https://openalex.org/W2114413252,Census and Population Estimation,Statistics and Probability,article,2026-07-24T02:35:38+00:00
860,Elementary fuzzy calculus,10.1016/0165-0114(86)90026-6,https://doi.org/10.1016/0165-0114(86)90026-6,1986,1986-01-01,Fuzzy Sets and Systems,1369,No,closed,,https://openalex.org/W1994178762,Fuzzy Systems and Optimization,Statistics and Probability,article,2026-07-24T02:35:38+00:00
861,Multiple Regression: Testing and Interpreting Interactions.,10.2307/2583960,https://doi.org/10.2307/2583960,1994,1994-01-01,Journal of the Operational Research Society,1369,No,closed,,https://openalex.org/W4229666147,Advanced Statistical Methods and Models,Statistics and Probability,article,2026-07-24T02:35:38+00:00
862,Recommendations for presenting analyses of effect modification and interaction,10.1093/ije/dyr218,https://doi.org/10.1093/ije/dyr218,2012,2012-01-09,International Journal of Epidemiology,1367,Yes,bronze,https://academic.oup.com/ije/article-pdf/41/2/514/14148939/dyr218.pdf,https://openalex.org/W2114647004,Advanced Causal Inference Techniques,Statistics and Probability,article,2026-07-24T02:35:38+00:00
863,Cultural Recycling of Cortical Maps,10.1016/j.neuron.2007.10.004,https://doi.org/10.1016/j.neuron.2007.10.004,2007,2007-10-01,Neuron,1365,Yes,bronze,http://www.cell.com/article/S0896627307007593/pdf,https://openalex.org/W2114174117,Cognitive and developmental aspects of mathematical skills,Statistics and Probability,article,2026-07-24T02:35:38+00:00
864,Statistical Methods for Research Workers.,10.2307/2299007,https://doi.org/10.2307/2299007,1930,1930-12-01,American Mathematical Monthly,1365,No,closed,,https://openalex.org/W2325827597,Statistics Education and Methodologies,Statistics and Probability,article,2026-07-24T02:35:38+00:00
865,A First Course in Probability.,10.2307/2288753,https://doi.org/10.2307/2288753,1984,1984-12-01,Journal of the American Statistical Association,1362,No,closed,,https://openalex.org/W2098290609,Probability and Statistical Research,Statistics and Probability,article,2026-07-24T02:35:38+00:00
866,Estimation and Inference in Two-Step Econometric Models,10.1198/073500102753410417,https://doi.org/10.1198/073500102753410417,2002,2002-01-01,Journal of Business and Economic Statistics,1361,No,closed,,https://openalex.org/W1981651168,Statistical Methods and Bayesian Inference,Statistics and Probability,article,2026-07-24T02:35:38+00:00
867,Cross-Validation Methods,10.1006/jmps.1999.1279,https://doi.org/10.1006/jmps.1999.1279,2000,2000-03-01,Journal of Mathematical Psychology,1361,No,closed,,https://openalex.org/W2007178835,Advanced Statistical Methods and Models,Statistics and Probability,article,2026-07-24T02:35:38+00:00
868,Optimum Preventive Maintenance Policies,10.1287/opre.8.1.90,https://doi.org/10.1287/opre.8.1.90,1960,1960-02-01,Operations Research,1361,No,closed,,https://openalex.org/W2109281751,Statistical Distribution Estimation and Applications,Statistics and Probability,article,2026-07-24T02:35:38+00:00
869,Multinomial Goodness-Of-Fit Tests,10.1111/j.2517-6161.1984.tb01318.x,https://doi.org/10.1111/j.2517-6161.1984.tb01318.x,1984,1984-07-01,Journal of the Royal Statistical Society Series B (Statistical Methodology),1354,No,closed,,https://openalex.org/W1516900628,Advanced Statistical Methods and Models,Statistics and Probability,article,2026-07-24T02:35:38+00:00
870,Introduction to Multivariate Statistical Analysis,10.2307/1909376,https://doi.org/10.2307/1909376,1959,1959-10-01,Econometrica,1354,No,closed,,https://openalex.org/W4300528079,Advanced Statistical Methods and Models,Statistics and Probability,article,2026-07-24T02:35:38+00:00
871,The Hazards of Hazard Ratios,10.1097/ede.0b013e3181c1ea43,https://doi.org/10.1097/ede.0b013e3181c1ea43,2009,2009-12-09,Epidemiology,1351,No,closed,,https://openalex.org/W1973885323,Advanced Causal Inference Techniques,Statistics and Probability,article,2026-07-24T02:35:38+00:00
872,Adjusting for multiple testing when reporting research results: the Bonferroni vs Holm methods.,10.2105/ajph.86.5.726,https://doi.org/10.2105/ajph.86.5.726,1996,1996-05-01,American Journal of Public Health,1350,Yes,bronze,http://ajph.aphapublications.org/doi/pdf/10.2105/AJPH.86.5.726,https://openalex.org/W2020720070,Statistical Methods and Bayesian Inference,Statistics and Probability,article,2026-07-24T02:35:38+00:00
873,A stagewise rejective multiple test procedure based on a modified Bonferroni test,10.1093/biomet/75.2.383,https://doi.org/10.1093/biomet/75.2.383,1988,1988-01-01,Biometrika,1348,No,closed,,https://openalex.org/W2036714085,Statistical Methods in Clinical Trials,Statistics and Probability,article,2026-07-24T02:35:38+00:00
874,Unbalanced Repeated-Measures Models with Structured Covariance Matrices,10.2307/2530695,https://doi.org/10.2307/2530695,1986,1986-12-01,Biometrics,1347,No,closed,,https://openalex.org/W2064279221,Statistical Methods and Bayesian Inference,Statistics and Probability,article,2026-07-24T02:35:38+00:00
875,Asymptotic Properties of Non-Linear Least Squares Estimators,10.1214/aoms/1177697731,https://doi.org/10.1214/aoms/1177697731,1969,1969-04-01,The Annals of Mathematical Statistics,1346,Yes,diamond,https://projecteuclid.org/journals/annals-of-mathematical-statistics/volume-40/issue-2/Asymptotic-Properties-of-Non-Linear-Least-Squares-Estimators/10.1214/aoms/1177697731.pdf,https://openalex.org/W1968172088,Advanced Statistical Methods and Models,Statistics and Probability,article,2026-07-24T02:35:38+00:00
876,Regression Analysis of Grouped Survival Data with Application to Breast Cancer Data,10.2307/2529588,https://doi.org/10.2307/2529588,1978,1978-03-01,Biometrics,1346,No,closed,,https://openalex.org/W1994670953,Statistical Methods and Inference,Statistics and Probability,article,2026-07-24T02:35:38+00:00
877,Helping Doctors and Patients Make Sense of Health Statistics,10.1111/j.1539-6053.2008.00033.x,https://doi.org/10.1111/j.1539-6053.2008.00033.x,2007,2007-11-01,Gothic.net,1346,Yes,bronze,https://journals.sagepub.com/doi/pdf/10.1111/j.1539-6053.2008.00033.x,https://openalex.org/W2116609513,Statistics Education and Methodologies,Statistics and Probability,article,2026-07-24T02:35:38+00:00
878,BETA-NORMAL DISTRIBUTION AND ITS APPLICATIONS,10.1081/sta-120003130,https://doi.org/10.1081/sta-120003130,2002,2002-05-14,Communication in Statistics- Theory and Methods,1345,No,closed,,https://openalex.org/W2143902124,Statistical Distribution Estimation and Applications,Statistics and Probability,article,2026-07-24T02:35:38+00:00
879,Fitting curves to data using nonlinear regression: a practical and nonmathematical review,10.1096/fasebj.1.5.3315805,https://doi.org/10.1096/fasebj.1.5.3315805,1987,1987-11-01,The FASEB Journal,1343,No,closed,,https://openalex.org/W1497432777,Advanced Statistical Methods and Models,Statistics and Probability,article,2026-07-24T02:35:38+00:00
880,Covariate Balancing Propensity Score,10.1111/rssb.12027,https://doi.org/10.1111/rssb.12027,2013,2013-07-03,Journal of the Royal Statistical Society Series B (Statistical Methodology),1343,No,closed,,https://openalex.org/W2132324013,Advanced Causal Inference Techniques,Statistics and Probability,article,2026-07-24T02:35:38+00:00
881,Missing Data Techniques for Structural Equation Modeling.,10.1037/0021-843x.112.4.545,https://doi.org/10.1037/0021-843x.112.4.545,2003,2003-11-01,Journal of Abnormal Psychology,1342,No,closed,,https://openalex.org/W1989984421,Statistical Methods and Bayesian Inference,Statistics and Probability,article,2026-07-24T02:35:38+00:00
882,Why We (Usually) Don't Have to Worry About Multiple Comparisons,10.1080/19345747.2011.618213,https://doi.org/10.1080/19345747.2011.618213,2012,2012-04-01,Journal of Research on Educational Effectiveness,1342,Yes,green,https://doi.org/10.7916/d84x5fhk,https://openalex.org/W2105090664,Statistical Methods and Bayesian Inference,Statistics and Probability,article,2026-07-24T02:35:38+00:00
883,Approximate Bayesian Computation (ABC) in practice,10.1016/j.tree.2010.04.001,https://doi.org/10.1016/j.tree.2010.04.001,2010,2010-05-19,Trends in Ecology & Evolution,1339,No,closed,,https://openalex.org/W1965175390,Markov Chains and Monte Carlo Methods,Statistics and Probability,article,2026-07-24T02:35:38+00:00
884,Asymptotics for lasso-type estimators,10.1214/aos/1015957397,https://doi.org/10.1214/aos/1015957397,2000,2000-10-01,The Annals of Statistics,1333,Yes,bronze,https://projecteuclid.org/journals/annals-of-statistics/volume-28/issue-5/Asymptotics-for-lasso-type-estimators/10.1214/aos/1015957397.pdf,https://openalex.org/W1968694834,Statistical Methods and Inference,Statistics and Probability,article,2026-07-24T02:35:38+00:00
885,Eigenvalues and Condition Numbers of Random Matrices,10.1137/0609045,https://doi.org/10.1137/0609045,1988,1988-10-01,SIAM Journal on Matrix Analysis and Applications,1330,Yes,green,http://hdl.handle.net/1721.1/14322,https://openalex.org/W1974755392,Random Matrices and Applications,Statistics and Probability,article,2026-07-24T02:35:38+00:00
886,Distribution of the product confidence limits for the indirect effect: Program PRODCLIN,10.3758/bf03193007,https://doi.org/10.3758/bf03193007,2007,2007-08-01,Behavior Research Methods,1328,Yes,bronze,https://link.springer.com/content/pdf/10.3758/BF03193007.pdf,https://openalex.org/W2120897808,Advanced Statistical Methods and Models,Statistics and Probability,article,2026-07-24T02:35:38+00:00
887,Propensity Score Estimation With Boosted Regression for Evaluating Causal Effects in Observational Studies.,10.1037/1082-989x.9.4.403,https://doi.org/10.1037/1082-989x.9.4.403,2004,2004-12-01,Psychological Methods,1326,No,closed,,https://openalex.org/W2028040032,Advanced Causal Inference Techniques,Statistics and Probability,article,2026-07-24T02:35:38+00:00
888,A Basis for Scaling Qualitative Data,10.2307/2086306,https://doi.org/10.2307/2086306,1944,1944-04-01,American Sociological Review,1326,No,closed,,https://openalex.org/W2332834163,Statistics Education and Methodologies,Statistics and Probability,article,2026-07-24T02:35:38+00:00
889,Exact and Approximate Arithmetic in an Amazonian Indigene Group,10.1126/science.1102085,https://doi.org/10.1126/science.1102085,2004,2004-10-14,Science,1325,Yes,green,https://hal.science/hal-00206219/document,https://openalex.org/W2053138397,Cognitive and developmental aspects of mathematical skills,Statistics and Probability,article,2026-07-24T02:35:38+00:00
890,Estimation of Variance and Covariance Components,10.2307/3001853,https://doi.org/10.2307/3001853,1953,1953-06-01,Biometrics,1323,No,closed,,https://openalex.org/W2326225147,Advanced Statistical Methods and Models,Statistics and Probability,article,2026-07-24T02:35:38+00:00
891,A Kenward-Roger Approximation and Parametric Bootstrap Methods for Tests in Linear Mixed Models - The<i>R</i>Package<b>pbkrtest</b>,10.18637/jss.v059.i09,https://doi.org/10.18637/jss.v059.i09,2014,2014-01-01,Journal of Statistical Software,1321,Yes,diamond,https://doi.org/10.18637/jss.v059.i09,https://openalex.org/W1887050506,Statistical Methods and Bayesian Inference,Statistics and Probability,article,2026-07-24T02:35:38+00:00
892,Consistency and Limiting Distribution of the Least Squares Estimator of a Threshold Autoregressive Model,10.1214/aos/1176349040,https://doi.org/10.1214/aos/1176349040,1993,1993-03-01,The Annals of Statistics,1320,Yes,bronze,https://projecteuclid.org/journals/annals-of-statistics/volume-21/issue-1/Consistency-and-Limiting-Distribution-of-the-Least-Squares-Estimator-of/10.1214/aos/1176349040.pdf,https://openalex.org/W2078432169,Statistical Methods and Inference,Statistics and Probability,article,2026-07-24T02:35:38+00:00
893,Smoothing Parameter and Model Selection for General Smooth Models,10.1080/01621459.2016.1180986,https://doi.org/10.1080/01621459.2016.1180986,2016,2016-05-27,Journal of the American Statistical Association,1320,Yes,hybrid,https://www.tandfonline.com/doi/pdf/10.1080/01621459.2016.1180986?needAccess=true,https://openalex.org/W2593643174,Statistical Methods and Inference,Statistics and Probability,article,2026-07-24T02:35:38+00:00
894,Smoothing Methods in Statistics,10.2307/1271147,https://doi.org/10.2307/1271147,1997,1997-08-01,Technometrics,1318,No,closed,,https://openalex.org/W2103041471,Advanced Statistical Methods and Models,Statistics and Probability,article,2026-07-24T02:35:38+00:00
895,Applied Linear Statistical Models,10.2307/1271154,https://doi.org/10.2307/1271154,1997,1997-08-01,Technometrics,1315,No,closed,,https://openalex.org/W2321741636,Statistical Methods and Bayesian Inference,Statistics and Probability,article,2026-07-24T02:35:38+00:00
896,Alternative Tests of Independence between Stochastic Regressors and Disturbances,10.2307/1914093,https://doi.org/10.2307/1914093,1973,1973-07-01,Econometrica,1314,No,closed,,https://openalex.org/W2086652341,Statistical Methods and Inference,Statistics and Probability,article,2026-07-24T02:35:38+00:00
897,THE COMPARISON OF PERCENTAGES IN MATCHED SAMPLES,10.1093/biomet/37.3-4.256,https://doi.org/10.1093/biomet/37.3-4.256,1950,1950-12-01,Biometrika,1313,No,closed,,https://openalex.org/W2157134953,Statistical Methods and Bayesian Inference,Statistics and Probability,article,2026-07-24T02:35:38+00:00
898,Estimation of the Generalized Extreme-Value Distribution by the Method of Probability-Weighted Moments,10.1080/00401706.1985.10488049,https://doi.org/10.1080/00401706.1985.10488049,1985,1985-08-01,Technometrics,1312,No,closed,,https://openalex.org/W2005920009,Statistical Distribution Estimation and Applications,Statistics and Probability,article,2026-07-24T02:35:38+00:00
899,Do Not Cross Me: Optimizing the Use of Cross-Sectional Designs,10.1007/s10869-018-09613-8,https://doi.org/10.1007/s10869-018-09613-8,2019,2019-01-07,Journal of Business and Psychology,1312,No,closed,,https://openalex.org/W2910671622,Advanced Causal Inference Techniques,Statistics and Probability,article,2026-07-24T02:35:38+00:00
900,Model Selection Through Sparse Maximum Likelihood Estimation for Multivariate Gaussian or Binary Data,10.1145/1390681.1390696,https://doi.org/10.1145/1390681.1390696,2008,2008-06-01,Journal of Machine Learning Research,1311,No,closed,,https://openalex.org/W2151128232,Statistical Methods and Inference,Statistics and Probability,article,2026-07-24T02:35:38+00:00
901,Youden Index and Optimal Cut‐Point Estimated from Observations Affected by a Lower Limit of Detection,10.1002/bimj.200710415,https://doi.org/10.1002/bimj.200710415,2008,2008-04-25,Biometrical Journal,1310,Yes,green,https://www.ncbi.nlm.nih.gov/pmc/articles/2515362,https://openalex.org/W2009637031,Statistical Methods and Inference,Statistics and Probability,article,2026-07-24T02:35:38+00:00
902,Integrals of set-valued functions,10.1016/0022-247x(65)90049-1,https://doi.org/10.1016/0022-247x(65)90049-1,1965,1965-08-01,Journal of Mathematical Analysis and Applications,1310,No,closed,,https://openalex.org/W2021244475,Fuzzy Systems and Optimization,Statistics and Probability,article,2026-07-24T02:35:38+00:00
903,Logistic Regression Diagnostics,10.1214/aos/1176345513,https://doi.org/10.1214/aos/1176345513,1981,1981-07-01,The Annals of Statistics,1304,Yes,bronze,https://projecteuclid.org/journals/annals-of-statistics/volume-9/issue-4/Logistic-Regression-Diagnostics/10.1214/aos/1176345513.pdf,https://openalex.org/W2020214980,Advanced Statistical Methods and Models,Statistics and Probability,article,2026-07-24T02:35:38+00:00
904,Direct and Indirect Effects: Classical and Bootstrap Estimates of Variability,10.2307/271084,https://doi.org/10.2307/271084,1990,1990-01-01,Sociological Methodology,1303,No,closed,,https://openalex.org/W2335391067,Advanced Causal Inference Techniques,Statistics and Probability,article,2026-07-24T02:35:38+00:00
905,Statistics Notes: The odds ratio,10.1136/bmj.320.7247.1468,https://doi.org/10.1136/bmj.320.7247.1468,2000,2000-05-27,BMJ,1300,Yes,green,https://www.ncbi.nlm.nih.gov/pmc/articles/1127651,https://openalex.org/W1974618278,Statistical Methods in Clinical Trials,Statistics and Probability,article,2026-07-24T02:35:38+00:00
906,Classification by pairwise coupling,10.1214/aos/1028144844,https://doi.org/10.1214/aos/1028144844,1998,1998-04-01,The Annals of Statistics,1299,Yes,bronze,https://projecteuclid.org/journals/annals-of-statistics/volume-26/issue-2/Classification-by-pairwise-coupling/10.1214/aos/1028144844.pdf,https://openalex.org/W2019575783,Advanced Statistical Methods and Models,Statistics and Probability,article,2026-07-24T02:35:38+00:00
907,"Meta-Analysis for Linear and Nonlinear Dose-Response Relations: Examples, an Evaluation of Approximations, and Software",10.1093/aje/kwr265,https://doi.org/10.1093/aje/kwr265,2011,2011-12-01,American Journal of Epidemiology,1299,Yes,bronze,https://academic.oup.com/aje/article-pdf/175/1/66/17339324/kwr265.pdf,https://openalex.org/W2139845079,Statistical Methods in Clinical Trials,Statistics and Probability,article,2026-07-24T02:35:38+00:00
908,Statistical Applications of the Multivariate Skew Normal Distribution,10.1111/1467-9868.00194,https://doi.org/10.1111/1467-9868.00194,1999,1999-09-01,Journal of the Royal Statistical Society Series B (Statistical Methodology),1298,Yes,bronze,https://academic.oup.com/jrsssb/article-pdf/61/3/579/49589615/jrsssb_61_3_579.pdf,https://openalex.org/W2120860882,Statistical Distribution Estimation and Applications,Statistics and Probability,article,2026-07-24T02:35:38+00:00
909,Logistic Regression: A Brief Primer,10.1111/j.1553-2712.2011.01185.x,https://doi.org/10.1111/j.1553-2712.2011.01185.x,2011,2011-10-01,Academic Emergency Medicine,1297,No,closed,,https://openalex.org/W1723129825,Statistical Methods and Bayesian Inference,Statistics and Probability,article,2026-07-24T02:35:38+00:00
910,On Chi-Squared Tests for Multiway Contingency Tables with Cell Proportions Estimated from Survey Data,10.1214/aos/1176346391,https://doi.org/10.1214/aos/1176346391,1984,1984-03-01,The Annals of Statistics,1297,Yes,bronze,https://projecteuclid.org/journals/annals-of-statistics/volume-12/issue-1/On-Chi-Squared-Tests-for-Multiway-Contingency-Tables-with-Cell/10.1214/aos/1176346391.pdf,https://openalex.org/W2063909986,Statistical Methods and Bayesian Inference,Statistics and Probability,article,2026-07-24T02:35:38+00:00
911,Robust anisotropic diffusion,10.1109/83.661192,https://doi.org/10.1109/83.661192,1998,1998-03-01,IEEE Transactions on Image Processing,1296,No,closed,,https://openalex.org/W2001002651,Statistical Methods and Inference,Statistics and Probability,article,2026-07-24T02:35:38+00:00
912,MVN: An R Package for Assessing Multivariate Normality,10.32614/rj-2014-031,https://doi.org/10.32614/rj-2014-031,2014,2014-01-01,The R Journal,1294,Yes,hybrid,https://journal.r-project.org/archive/2014/RJ-2014-031/RJ-2014-031.pdf,https://openalex.org/W2181845779,Advanced Statistical Methods and Models,Statistics and Probability,article,2026-07-24T02:35:38+00:00
913,Using Multivariate Statistics,10.4324/9781315690667-13,https://doi.org/10.4324/9781315690667-13,2015,2015-11-19,,1293,No,closed,,https://openalex.org/W2999474013,Advanced Statistical Methods and Models,Statistics and Probability,article,2026-07-24T02:35:38+00:00
914,Do not log‐transform count data,10.1111/j.2041-210x.2010.00021.x,https://doi.org/10.1111/j.2041-210x.2010.00021.x,2010,2010-03-24,Methods in Ecology and Evolution,1292,No,closed,,https://openalex.org/W1644145788,Statistical Methods and Bayesian Inference,Statistics and Probability,article,2026-07-24T02:35:38+00:00
915,Least absolute deviations estimation for the censored regression model,10.1016/0304-4076(84)90004-6,https://doi.org/10.1016/0304-4076(84)90004-6,1984,1984-07-01,Journal of Econometrics,1291,No,closed,,https://openalex.org/W2139255721,Statistical Methods and Inference,Statistics and Probability,article,2026-07-24T02:35:38+00:00
916,Generalized additive models for medical research,10.1177/096228029500400302,https://doi.org/10.1177/096228029500400302,1995,1995-09-01,Statistical Methods in Medical Research,1290,No,closed,,https://openalex.org/W2157355630,Statistical Methods and Inference,Statistics and Probability,article,2026-07-24T02:35:38+00:00
917,Econometric Computing with HC and HAC Covariance Matrix Estimators,10.18637/jss.v011.i10,https://doi.org/10.18637/jss.v011.i10,2004,2004-01-01,Journal of Statistical Software,1289,Yes,diamond,https://doi.org/10.18637/jss.v011.i10,https://openalex.org/W2136362180,Statistical Methods and Inference,Statistics and Probability,article,2026-07-24T02:35:38+00:00
918,A new method for adding a parameter to a family of distributions with application to the exponential and Weibull families,10.1093/biomet/84.3.641,https://doi.org/10.1093/biomet/84.3.641,1997,1997-09-01,Biometrika,1288,No,closed,,https://openalex.org/W2168504156,Statistical Distribution Estimation and Applications,Statistics and Probability,article,2026-07-24T02:35:38+00:00
919,Multicollinearity in Regression Analyses Conducted in Epidemiologic Studies,10.4172/2161-1165.1000227,https://doi.org/10.4172/2161-1165.1000227,2016,2016-01-01,Epidemiology Open Access,1288,Yes,hybrid,https://www.omicsonline.org/open-access/multicollinearity-in-regression-analyses-conducted-in-epidemiologic-studies-2161-1165-1000227.pdf,https://openalex.org/W2371547131,Statistical Methods in Epidemiology,Statistics and Probability,article,2026-07-24T02:35:38+00:00
920,Very fast simulated re-annealing,10.1016/0895-7177(89)90202-1,https://doi.org/10.1016/0895-7177(89)90202-1,1989,1989-01-01,Mathematical and Computer Modelling,1287,No,closed,,https://openalex.org/W2030605379,Markov Chains and Monte Carlo Methods,Statistics and Probability,article,2026-07-24T02:35:38+00:00
921,Generalized linear mixed models a pseudo-likelihood approach,10.1080/00949659308811554,https://doi.org/10.1080/00949659308811554,1993,1993-12-01,Journal of Statistical Computation and Simulation,1284,No,closed,,https://openalex.org/W2142045810,Statistical Methods and Bayesian Inference,Statistics and Probability,article,2026-07-24T02:35:38+00:00
922,Likelihood of a model and information criteria,10.1016/0304-4076(81)90071-3,https://doi.org/10.1016/0304-4076(81)90071-3,1981,1981-05-01,Journal of Econometrics,1283,No,closed,,https://openalex.org/W2158777221,Statistical Methods and Inference,Statistics and Probability,article,2026-07-24T02:35:38+00:00
923,A Cognitive Analysis of Problems of Comprehension in a Learning of Mathematics,10.1007/s10649-006-0400-z,https://doi.org/10.1007/s10649-006-0400-z,2006,2006-02-01,Educational Studies in Mathematics,1282,No,closed,,https://openalex.org/W2014947032,Cognitive and developmental aspects of mathematical skills,Statistics and Probability,article,2026-07-24T02:35:38+00:00
924,Multivariate Data Analysis with Readings,10.2307/3150726,https://doi.org/10.2307/3150726,1979,1979-08-01,Journal of Marketing Research,1281,No,closed,,https://openalex.org/W2027566468,Advanced Statistical Methods and Models,Statistics and Probability,article,2026-07-24T02:35:38+00:00
925,Conducting Interrupted Time-series Analysis for Single- and Multiple-group Comparisons,10.1177/1536867x1501500208,https://doi.org/10.1177/1536867x1501500208,2015,2015-06-01,The Stata Journal Promoting communications on statistics and Stata,1280,Yes,bronze,https://journals.sagepub.com/doi/pdf/10.1177/1536867X1501500208,https://openalex.org/W2255146410,Advanced Causal Inference Techniques,Statistics and Probability,article,2026-07-24T02:35:38+00:00
926,Using simulation studies to evaluate statistical methods,10.1002/sim.8086,https://doi.org/10.1002/sim.8086,2019,2019-01-16,Statistics in Medicine,1280,Yes,hybrid,https://onlinelibrary.wiley.com/doi/pdfdirect/10.1002/sim.8086,https://openalex.org/W2775363893,Statistical Methods in Clinical Trials,Statistics and Probability,article,2026-07-24T02:35:38+00:00
927,A review of uses of health care utilization databases for epidemiologic research on therapeutics,10.1016/j.jclinepi.2004.10.012,https://doi.org/10.1016/j.jclinepi.2004.10.012,2005,2005-04-01,Journal of Clinical Epidemiology,1279,No,closed,,https://openalex.org/W2053237747,Advanced Causal Inference Techniques,Statistics and Probability,article,2026-07-24T02:35:38+00:00
928,Applied Linear Regression Models,10.2307/1269127,https://doi.org/10.2307/1269127,1990,1990-08-01,Technometrics,1278,No,closed,,https://openalex.org/W4301224743,Advanced Statistical Methods and Models,Statistics and Probability,article,2026-07-24T02:35:38+00:00
929,"Executive functions and achievements in school: Shifting, updating, inhibition, and working memory",10.1080/17470210500162854,https://doi.org/10.1080/17470210500162854,2005,2005-09-20,Quarterly Journal of Experimental Psychology,1275,No,closed,,https://openalex.org/W2103810998,Cognitive and developmental aspects of mathematical skills,Statistics and Probability,article,2026-07-24T02:35:38+00:00
930,Encyclopedia of Statistical Sciences.,10.2307/2347959,https://doi.org/10.2307/2347959,1983,1983-01-01,Journal of the Royal Statistical Society Series C (Applied Statistics),1273,No,closed,,https://openalex.org/W4246845213,Statistical Methods and Applications,Statistics and Probability,article,2026-07-24T02:35:38+00:00
931,Fully conditional specification in multivariate imputation,10.1080/10629360600810434,https://doi.org/10.1080/10629360600810434,2006,2006-11-20,Journal of Statistical Computation and Simulation,1271,Yes,green,https://repositorio.udes.edu.co/handle/001/7916,https://openalex.org/W2102252264,Statistical Methods and Bayesian Inference,Statistics and Probability,article,2026-07-24T02:35:38+00:00
932,Is It Really Robust?,10.1027/1614-2241/a000016,https://doi.org/10.1027/1614-2241/a000016,2010,2010-01-01,Methodology,1270,No,closed,,https://openalex.org/W2104806923,Advanced Statistical Methods and Models,Statistics and Probability,article,2026-07-24T02:35:38+00:00
933,The Table 2 Fallacy: Presenting and Interpreting Confounder and Modifier Coefficients,10.1093/aje/kws412,https://doi.org/10.1093/aje/kws412,2013,2013-01-30,American Journal of Epidemiology,1269,Yes,bronze,https://academic.oup.com/aje/article-pdf/177/4/292/345302/kws412.pdf,https://openalex.org/W2138008655,Advanced Causal Inference Techniques,Statistics and Probability,article,2026-07-24T02:35:38+00:00
934,Fundamental Concepts in the Design of Experiments,10.2307/1271115,https://doi.org/10.2307/1271115,2000,2000-08-01,Technometrics,1268,No,closed,,https://openalex.org/W3137161744,Advanced Statistical Methods and Models,Statistics and Probability,article,2026-07-24T02:35:38+00:00
935,Additive Regression and Other Nonparametric Models,10.1214/aos/1176349548,https://doi.org/10.1214/aos/1176349548,1985,1985-06-01,The Annals of Statistics,1267,Yes,bronze,https://projecteuclid.org/journals/annals-of-statistics/volume-13/issue-2/Additive-Regression-and-Other-Nonparametric-Models/10.1214/aos/1176349548.pdf,https://openalex.org/W2065274576,Statistical Methods and Inference,Statistics and Probability,article,2026-07-24T02:35:38+00:00
936,Smoothing Parameter Selection in Nonparametric Regression Using an Improved Akaike Information Criterion,10.1111/1467-9868.00125,https://doi.org/10.1111/1467-9868.00125,1998,1998-07-01,Journal of the Royal Statistical Society Series B (Statistical Methodology),1265,Yes,hybrid,https://academic.oup.com/jrsssb/article-pdf/60/2/271/49589041/jrsssb_60_2_271.pdf,https://openalex.org/W2109785413,Statistical Methods and Inference,Statistics and Probability,article,2026-07-24T02:35:38+00:00
937,"Limitations of the Odds Ratio in Gauging the Performance of a Diagnostic, Prognostic, or Screening Marker",10.1093/aje/kwh101,https://doi.org/10.1093/aje/kwh101,2004,2004-04-22,American Journal of Epidemiology,1265,No,closed,,https://openalex.org/W2121514893,Statistical Methods in Clinical Trials,Statistics and Probability,article,2026-07-24T02:35:38+00:00
938,Distributions Generated by Perturbation of Symmetry with Emphasis on a Multivariate Skew<i>t</i>-Distribution,10.1111/1467-9868.00391,https://doi.org/10.1111/1467-9868.00391,2003,2003-04-25,Journal of the Royal Statistical Society Series B (Statistical Methodology),1263,Yes,green,https://arxiv.org/pdf/0911.2342,https://openalex.org/W1982914322,Statistical Distribution Estimation and Applications,Statistics and Probability,article,2026-07-24T02:35:38+00:00
939,Bias in Cross-Sectional Analyses of Longitudinal Mediation: Partial and Complete Mediation Under an Autoregressive Model,10.1080/00273171.2011.606716,https://doi.org/10.1080/00273171.2011.606716,2011,2011-09-30,Multivariate Behavioral Research,1263,Yes,bronze,https://www.tandfonline.com/doi/pdf/10.1080/00273171.2011.606716?needAccess=true&role=button,https://openalex.org/W2119963803,Advanced Causal Inference Techniques,Statistics and Probability,article,2026-07-24T02:35:38+00:00
940,Noise Dressing of Financial Correlation Matrices,10.1103/physrevlett.83.1467,https://doi.org/10.1103/physrevlett.83.1467,1999,1999-08-16,Physical Review Letters,1262,Yes,green,https://arxiv.org/pdf/cond-mat/9810255,https://openalex.org/W2147675445,Random Matrices and Applications,Statistics and Probability,article,2026-07-24T02:35:38+00:00
941,Sampling of Populations: Methods and Applications,10.2307/1270072,https://doi.org/10.2307/1270072,1992,1992-08-01,Technometrics,1261,No,closed,,https://openalex.org/W1994221687,Census and Population Estimation,Statistics and Probability,article,2026-07-24T02:35:38+00:00
942,�ber die Gleichverteilung von Zahlen mod. Eins,10.1007/bf01475864,https://doi.org/10.1007/bf01475864,1916,1916-09-01,Mathematische Annalen,1261,Yes,green,https://zenodo.org/record/2425535,https://openalex.org/W2077055049,Probability and Statistical Research,Statistics and Probability,article,2026-07-24T02:35:38+00:00
943,Interactions between number and space in parietal cortex,10.1038/nrn1684,https://doi.org/10.1038/nrn1684,2005,2005-06-01,Nature reviews. Neuroscience,1260,No,closed,,https://openalex.org/W1973019192,Cognitive and developmental aspects of mathematical skills,Statistics and Probability,article,2026-07-24T02:35:38+00:00
944,Controlling the familywise error rate in functional neuroimaging: a comparative review,10.1191/0962280203sm341ra,https://doi.org/10.1191/0962280203sm341ra,2003,2003-10-01,Statistical Methods in Medical Research,1260,No,closed,,https://openalex.org/W1976954310,Statistical Methods in Clinical Trials,Statistics and Probability,article,2026-07-24T02:35:38+00:00
945,Validation of Regression Models: Methods and Examples,10.1080/00401706.1977.10489581,https://doi.org/10.1080/00401706.1977.10489581,1977,1977-11-01,Technometrics,1259,No,closed,,https://openalex.org/W1976144991,Advanced Statistical Methods and Models,Statistics and Probability,article,2026-07-24T02:35:38+00:00
946,Goodness-of-Fit Techniques,10.2307/1269472,https://doi.org/10.2307/1269472,1987,1987-11-01,Technometrics,1259,No,closed,,https://openalex.org/W2084719311,Advanced Statistical Methods and Models,Statistics and Probability,article,2026-07-24T02:35:38+00:00
947,A critical appraisal of propensity‐score matching in the medical literature between 1996 and 2003,10.1002/sim.3150,https://doi.org/10.1002/sim.3150,2007,2007-11-23,Statistics in Medicine,1258,No,closed,,https://openalex.org/W1964475341,Advanced Causal Inference Techniques,Statistics and Probability,article,2026-07-24T02:35:38+00:00
948,Selection of important variables and determination of functional form for continuous predictors in multivariable model building,10.1002/sim.3148,https://doi.org/10.1002/sim.3148,2007,2007-12-03,Statistics in Medicine,1255,No,closed,,https://openalex.org/W2168051713,Advanced Statistical Methods and Models,Statistics and Probability,article,2026-07-24T02:35:38+00:00
949,Longitudinal Data Analysis Using Generalized Linear Models,10.2307/2336267,https://doi.org/10.2307/2336267,1986,1986-04-01,Biometrika,1255,No,closed,,https://openalex.org/W4252697782,Statistical Methods and Inference,Statistics and Probability,article,2026-07-24T02:35:38+00:00
950,Cluster-Sample Methods in Applied Econometrics,10.1257/000282803321946930,https://doi.org/10.1257/000282803321946930,2003,2003-04-01,American Economic Review,1254,No,closed,,https://openalex.org/W2007212082,Statistical Methods and Bayesian Inference,Statistics and Probability,article,2026-07-24T02:35:38+00:00
951,Applied Longitudinal Data Analysis for Epidemiology: A Practical Guide,10.1017/cbo9781139342834,https://doi.org/10.1017/cbo9781139342834,2003,2003-04-28,,1253,No,closed,,https://openalex.org/W1576935744,Statistical Methods and Bayesian Inference,Statistics and Probability,article,2026-07-24T02:35:38+00:00
952,On the distribution of the length of the longest increasing subsequence of random permutations,10.1090/s0894-0347-99-00307-0,https://doi.org/10.1090/s0894-0347-99-00307-0,1999,1999-06-24,Journal of the American Mathematical Society,1253,No,closed,,https://openalex.org/W1691157804,Random Matrices and Applications,Statistics and Probability,article,2026-07-24T02:35:38+00:00
953,Forecasting enrollments with fuzzy time series — Part I,10.1016/0165-0114(93)90355-l,https://doi.org/10.1016/0165-0114(93)90355-l,1993,1993-02-01,Fuzzy Sets and Systems,1253,No,closed,,https://openalex.org/W2131453387,Fuzzy Systems and Optimization,Statistics and Probability,article,2026-07-24T02:35:38+00:00
954,Statistical predictor identification,10.1007/bf02506337,https://doi.org/10.1007/bf02506337,1970,1970-12-01,Annals of the Institute of Statistical Mathematics,1252,No,closed,,https://openalex.org/W4243797702,Advanced Statistical Methods and Models,Statistics and Probability,article,2026-07-24T02:35:38+00:00
955,A Brief Survey of Bandwidth Selection for Density Estimation,10.1080/01621459.1996.10476701,https://doi.org/10.1080/01621459.1996.10476701,1996,1996-03-01,Journal of the American Statistical Association,1251,No,closed,,https://openalex.org/W2108447811,Statistical Methods and Inference,Statistics and Probability,article,2026-07-24T02:35:38+00:00
956,Estimates of Location Based on Rank Tests,10.1214/aoms/1177704172,https://doi.org/10.1214/aoms/1177704172,1963,1963-06-01,The Annals of Mathematical Statistics,1248,Yes,diamond,https://projecteuclid.org/journals/annals-of-mathematical-statistics/volume-34/issue-2/Estimates-of-Location-Based-on-Rank-Tests/10.1214/aoms/1177704172.pdf,https://openalex.org/W2148347826,Advanced Statistical Methods and Models,Statistics and Probability,article,2026-07-24T02:35:38+00:00
957,Probability and Measure.,10.2307/2987970,https://doi.org/10.2307/2987970,1986,1986-01-01,Journal of the Royal Statistical Society Series D (The Statistician),1248,No,closed,,https://openalex.org/W2796291475,Statistics Education and Methodologies,Statistics and Probability,article,2026-07-24T02:35:38+00:00
958,ESTIMATING THE POPULATION ATTRIBUTABLE RISK FOR MULTIPLE RISK FACTORS USING CASE-CONTROL DATA,10.1093/oxfordjournals.aje.a114174,https://doi.org/10.1093/oxfordjournals.aje.a114174,1985,1985-11-01,American Journal of Epidemiology,1247,No,closed,,https://openalex.org/W2256786579,Statistical Methods in Clinical Trials,Statistics and Probability,article,2026-07-24T02:35:38+00:00
959,Generalized Least Squares for Trend Estimation of Summarized Dose–response Data,10.1177/1536867x0600600103,https://doi.org/10.1177/1536867x0600600103,2006,2006-02-01,The Stata Journal Promoting communications on statistics and Stata,1246,Yes,bronze,https://journals.sagepub.com/doi/pdf/10.1177/1536867X0600600103,https://openalex.org/W1605393132,Statistical Methods in Clinical Trials,Statistics and Probability,article,2026-07-24T02:35:38+00:00
960,A More Credible Approach to Parallel Trends,10.1093/restud/rdad018,https://doi.org/10.1093/restud/rdad018,2023,2023-02-15,The Review of Economic Studies,1245,Yes,bronze,https://academic.oup.com/restud/article-pdf/90/5/2555/51356029/rdad018.pdf,https://openalex.org/W4320855218,Advanced Causal Inference Techniques,Statistics and Probability,article,2026-07-24T02:35:38+00:00
961,Mathematics and Learning Disabilities,10.1177/00222194040370010201,https://doi.org/10.1177/00222194040370010201,2004,2004-01-01,Journal of Learning Disabilities,1244,No,closed,,https://openalex.org/W2142584883,Cognitive and developmental aspects of mathematical skills,Statistics and Probability,article,2026-07-24T02:35:38+00:00
962,Probability weighted moments: Definition and relation to parameters of several distributions expressable in inverse form,10.1029/wr015i005p01049,https://doi.org/10.1029/wr015i005p01049,1979,1979-10-01,Water Resources Research,1244,No,closed,,https://openalex.org/W2147502651,Statistical Distribution Estimation and Applications,Statistics and Probability,article,2026-07-24T02:35:38+00:00
963,Bayesian Model Choice: Asymptotics and Exact Calculations,10.1111/j.2517-6161.1994.tb01996.x,https://doi.org/10.1111/j.2517-6161.1994.tb01996.x,1994,1994-09-01,Journal of the Royal Statistical Society Series B (Statistical Methodology),1243,No,closed,,https://openalex.org/W1922851081,Markov Chains and Monte Carlo Methods,Statistics and Probability,article,2026-07-24T02:35:38+00:00
964,Mass univariate analysis of event‐related brain potentials/fields I: A critical tutorial review,10.1111/j.1469-8986.2011.01273.x,https://doi.org/10.1111/j.1469-8986.2011.01273.x,2011,2011-09-06,Psychophysiology,1239,Yes,green,https://www.ncbi.nlm.nih.gov/pmc/articles/4060794,https://openalex.org/W1605458923,Statistical Methods in Clinical Trials,Statistics and Probability,article,2026-07-24T02:35:38+00:00
965,Children's understanding of counting,10.1016/0010-0277(90)90003-3,https://doi.org/10.1016/0010-0277(90)90003-3,1990,1990-08-01,Cognition,1238,No,closed,,https://openalex.org/W1980606684,Cognitive and developmental aspects of mathematical skills,Statistics and Probability,article,2026-07-24T02:35:38+00:00
966,Fit indices in covariance structure modeling: Sensitivity to underparameterized model misspecification.,10.1037//1082-989x.3.4.424,https://doi.org/10.1037//1082-989x.3.4.424,1998,1998-01-01,Psychological Methods,1237,No,closed,,https://openalex.org/W4233772329,Statistical Methods and Bayesian Inference,Statistics and Probability,article,2026-07-24T02:35:38+00:00
967,Design and Analysis Methods for Fish Survival Experiments Based on Release-Recapture.,10.2307/2403770,https://doi.org/10.2307/2403770,1988,1988-12-01,Journal of Applied Ecology,1236,No,closed,,https://openalex.org/W2324452306,Census and Population Estimation,Statistics and Probability,article,2026-07-24T02:35:38+00:00
968,Designing Experiments and Analysing Data: A Model Comparison Perspective.,10.2307/2532173,https://doi.org/10.2307/2532173,1991,1991-06-01,Biometrics,1234,No,closed,,https://openalex.org/W2798157462,Statistical Methods and Applications,Statistics and Probability,article,2026-07-24T02:35:38+00:00
969,DAGitty,10.1097/ede.0b013e318225c2be,https://doi.org/10.1097/ede.0b013e318225c2be,2011,2011-08-02,Epidemiology,1231,No,closed,,https://openalex.org/W2331936027,Advanced Causal Inference Techniques,Statistics and Probability,article,2026-07-24T02:35:38+00:00
970,Endogenous Selection Bias: The Problem of Conditioning on a Collider Variable,10.1146/annurev-soc-071913-043455,https://doi.org/10.1146/annurev-soc-071913-043455,2014,2014-06-06,Annual Review of Sociology,1230,Yes,bronze,https://www.annualreviews.org/doi/pdf/10.1146/annurev-soc-071913-043455,https://openalex.org/W2097829006,Advanced Causal Inference Techniques,Statistics and Probability,article,2026-07-24T02:35:38+00:00
971,"Structural Equations, Treatment Effects, and Econometric Policy Evaluation1",10.1111/j.1468-0262.2005.00594.x,https://doi.org/10.1111/j.1468-0262.2005.00594.x,2005,2005-04-18,Econometrica,1230,No,closed,,https://openalex.org/W3121415235,Advanced Causal Inference Techniques,Statistics and Probability,article,2026-07-24T02:35:38+00:00
972,Distribution Theory for Glass's Estimator of Effect Size and Related Estimators,10.2307/1164588,https://doi.org/10.2307/1164588,1981,1981-01-01,Journal of Educational Statistics,1230,No,closed,,https://openalex.org/W4233555366,Advanced Statistical Methods and Models,Statistics and Probability,article,2026-07-24T02:35:38+00:00
973,Bivariate Exponential Distributions,10.1080/01621459.1960.10483368,https://doi.org/10.1080/01621459.1960.10483368,1960,1960-12-01,Journal of the American Statistical Association,1229,No,closed,,https://openalex.org/W2158114082,Advanced Statistical Methods and Models,Statistics and Probability,article,2026-07-24T02:35:38+00:00
974,Outliers in Statistical Data.,10.2307/2533352,https://doi.org/10.2307/2533352,1995,1995-03-01,Biometrics,1229,No,closed,,https://openalex.org/W4230927207,Advanced Statistical Methods and Models,Statistics and Probability,article,2026-07-24T02:35:38+00:00
975,Resampling and Distribution of the Product Methods for Testing Indirect Effects in Complex Models,10.1080/10705510701758166,https://doi.org/10.1080/10705510701758166,2008,2008-01-11,Structural Equation Modeling A Multidisciplinary Journal,1228,Yes,green,https://www.ncbi.nlm.nih.gov/pmc/articles/2825896,https://openalex.org/W2024331115,Statistical Methods in Clinical Trials,Statistics and Probability,article,2026-07-24T02:35:38+00:00
976,Using the general linear mixed model to analyse unbalanced repeated measures and longitudinal data,10.1002/(sici)1097-0258(19971030)16:20<2349::aid-sim667>3.0.co;2-e,https://doi.org/10.1002/(sici)1097-0258(19971030)16:20<2349::aid-sim667>3.0.co;2-e,1997,1997-10-30,Statistics in Medicine,1225,No,closed,,https://openalex.org/W2087028773,Statistical Methods and Bayesian Inference,Statistics and Probability,article,2026-07-24T02:35:38+00:00
977,Quantum Ito's formula and stochastic evolutions,10.1007/bf01258530,https://doi.org/10.1007/bf01258530,1984,1984-09-01,Communications in Mathematical Physics,1224,No,closed,,https://openalex.org/W2084265277,Random Matrices and Applications,Statistics and Probability,article,2026-07-24T02:35:38+00:00
978,Personalized medicine: Time for one-person trials,10.1038/520609a,https://doi.org/10.1038/520609a,2015,2015-04-25,Nature,1223,Yes,bronze,https://www.nature.com/articles/520609a.pdf,https://openalex.org/W2086632167,Statistical Methods in Clinical Trials,Statistics and Probability,article,2026-07-24T02:35:38+00:00
979,Applied Linear Regression.,10.2307/2987575,https://doi.org/10.2307/2987575,1981,1981-06-01,Journal of the Royal Statistical Society Series D (The Statistician),1223,No,closed,,https://openalex.org/W2795536332,Advanced Statistical Methods and Models,Statistics and Probability,article,2026-07-24T02:35:38+00:00
980,Semiparametric least squares (SLS) and weighted SLS estimation of single-index models,10.1016/0304-4076(93)90114-k,https://doi.org/10.1016/0304-4076(93)90114-k,1993,1993-07-01,Journal of Econometrics,1220,No,closed,,https://openalex.org/W2136175429,Statistical Methods and Inference,Statistics and Probability,article,2026-07-24T02:35:38+00:00
981,Fiducial Distributions and Bayes' Theorem,10.1111/j.2517-6161.1958.tb00278.x,https://doi.org/10.1111/j.2517-6161.1958.tb00278.x,1958,1958-01-01,Journal of the Royal Statistical Society Series B (Statistical Methodology),1219,No,closed,,https://openalex.org/W2904579171,Statistical Distribution Estimation and Applications,Statistics and Probability,article,2026-07-24T02:35:38+00:00
982,A Reference Bayesian Test for Nested Hypotheses and its Relationship to the Schwarz Criterion,10.1080/01621459.1995.10476592,https://doi.org/10.1080/01621459.1995.10476592,1995,1995-09-01,Journal of the American Statistical Association,1218,No,closed,,https://openalex.org/W1985593448,Advanced Statistical Methods and Models,Statistics and Probability,article,2026-07-24T02:35:38+00:00
983,Multiple Imputation by Chained Equations (MICE): Implementation in<i>Stata</i>,10.18637/jss.v045.i04,https://doi.org/10.18637/jss.v045.i04,2011,2011-01-01,Journal of Statistical Software,1216,Yes,diamond,https://doi.org/10.18637/jss.v045.i04,https://openalex.org/W1781481323,Statistical Methods and Bayesian Inference,Statistics and Probability,article,2026-07-24T02:35:38+00:00
984,On Judging the Significance of Differences by Examining the Overlap Between Confidence Intervals,10.1198/000313001317097960,https://doi.org/10.1198/000313001317097960,2001,2001-08-01,The American Statistician,1215,No,closed,,https://openalex.org/W2036002592,Statistical Methods in Clinical Trials,Statistics and Probability,article,2026-07-24T02:35:38+00:00
985,NOTES ON BIAS IN ESTIMATION,10.1093/biomet/43.3-4.353,https://doi.org/10.1093/biomet/43.3-4.353,1956,1956-01-01,Biometrika,1215,No,closed,,https://openalex.org/W2076237237,Statistical Methods and Inference,Statistics and Probability,article,2026-07-24T02:35:38+00:00
986,Advances in Group-Based Trajectory Modeling and an SAS Procedure for Estimating Them,10.1177/0049124106292364,https://doi.org/10.1177/0049124106292364,2007,2007-04-20,Sociological Methods & Research,1212,No,closed,,https://openalex.org/W1997944093,Statistical Methods and Bayesian Inference,Statistics and Probability,article,2026-07-24T02:35:38+00:00
987,Multivariate Statistical Methods.,10.2307/2344132,https://doi.org/10.2307/2344132,1969,1969-01-01,Journal of the Royal Statistical Society Series A (General),1212,No,closed,,https://openalex.org/W3120515983,Advanced Statistical Methods and Models,Statistics and Probability,article,2026-07-24T02:35:38+00:00
988,A semiparametric estimation procedure of dependence parameters in multivariate families of distributions,10.1093/biomet/82.3.543,https://doi.org/10.1093/biomet/82.3.543,1995,1995-01-01,Biometrika,1210,No,closed,,https://openalex.org/W1990860515,Advanced Statistical Methods and Models,Statistics and Probability,article,2026-07-24T02:35:38+00:00
989,A Procedure for Objective Respondent Selection within the Household,10.1080/01621459.1949.10483314,https://doi.org/10.1080/01621459.1949.10483314,1949,1949-09-01,Journal of the American Statistical Association,1210,No,closed,,https://openalex.org/W2019741718,Probability and Statistical Research,Statistics and Probability,article,2026-07-24T02:35:38+00:00
990,Multicollinearity and Measurement Error in Structural Equation Models: Implications for Theory Testing,10.1287/mksc.1040.0070,https://doi.org/10.1287/mksc.1040.0070,2004,2004-11-01,Marketing Science,1209,No,closed,,https://openalex.org/W2126650229,Advanced Statistical Methods and Models,Statistics and Probability,article,2026-07-24T02:35:38+00:00
991,<b>ltm</b>: An<i>R</i>Package for Latent Variable Modeling and Item Response Theory Analyses,10.18637/jss.v017.i05,https://doi.org/10.18637/jss.v017.i05,2006,2006-01-01,Journal of Statistical Software,1208,Yes,diamond,https://doi.org/10.18637/jss.v017.i05,https://openalex.org/W1680939745,Statistical Methods and Bayesian Inference,Statistics and Probability,article,2026-07-24T02:35:38+00:00
992,Statistical Inference Procedures for Bivariate Archimedean Copulas,10.1080/01621459.1993.10476372,https://doi.org/10.1080/01621459.1993.10476372,1993,1993-09-01,Journal of the American Statistical Association,1208,No,closed,,https://openalex.org/W1985409483,Statistical Distribution Estimation and Applications,Statistics and Probability,article,2026-07-24T02:35:38+00:00
993,On Choosing and Bounding Probability Metrics,10.1111/j.1751-5823.2002.tb00178.x,https://doi.org/10.1111/j.1751-5823.2002.tb00178.x,2002,2002-12-01,International Statistical Review,1208,Yes,bronze,https://onlinelibrary.wiley.com/doi/pdfdirect/10.1111/j.1751-5823.2002.tb00178.x,https://openalex.org/W2032916024,Markov Chains and Monte Carlo Methods,Statistics and Probability,article,2026-07-24T02:35:38+00:00
994,STATISTICAL ANALYSIS OF SETS OF CONGENERIC TESTS*,10.1002/j.2333-8504.1969.tb00777.x,https://doi.org/10.1002/j.2333-8504.1969.tb00777.x,1969,1969-12-01,ETS Research Bulletin Series,1208,No,closed,,https://openalex.org/W2163403362,Statistical Methods and Inference,Statistics and Probability,article,2026-07-24T02:35:38+00:00
995,OpenMx: An Open Source Extended Structural Equation Modeling Framework,10.1007/s11336-010-9200-6,https://doi.org/10.1007/s11336-010-9200-6,2011,2011-01-05,Psychometrika,1207,No,closed,,https://openalex.org/W2098405376,Statistical Methods and Applications,Statistics and Probability,article,2026-07-24T02:35:38+00:00
996,"The Effect of Errors in Means, Variances, and Covariances on Optimal Portfolio Choice",10.3905/jpm.1993.409440,https://doi.org/10.3905/jpm.1993.409440,1993,1993-01-31,The Journal of Portfolio Management,1206,No,closed,,https://openalex.org/W2164883547,Advanced Statistical Methods and Models,Statistics and Probability,article,2026-07-24T02:35:38+00:00
997,Elements of Econometrics.,10.2307/2288974,https://doi.org/10.2307/2288974,1988,1988-03-01,Journal of the American Statistical Association,1206,No,closed,,https://openalex.org/W2312777714,Advanced Statistical Methods and Models,Statistics and Probability,article,2026-07-24T02:35:38+00:00
998,Regression-based tests for overdispersion in the Poisson model,10.1016/0304-4076(90)90014-k,https://doi.org/10.1016/0304-4076(90)90014-k,1990,1990-12-01,Journal of Econometrics,1205,No,closed,,https://openalex.org/W1972707698,Statistical Methods and Bayesian Inference,Statistics and Probability,article,2026-07-24T02:35:38+00:00
999,"Problems in the Analysis of Survey Data, and a Proposal",10.1080/01621459.1963.10500855,https://doi.org/10.1080/01621459.1963.10500855,1963,1963-06-01,Journal of the American Statistical Association,1205,No,closed,,https://openalex.org/W1990351156,Advanced Statistical Methods and Models,Statistics and Probability,article,2026-07-24T02:35:38+00:00
1000,Statistical Data Analysis in the Computer Age,10.1126/science.253.5018.390,https://doi.org/10.1126/science.253.5018.390,1991,1991-07-26,Science,1205,No,closed,,https://openalex.org/W2045925085,Advanced Statistical Methods and Models,Statistics and Probability,article,2026-07-24T02:35:38+00:00
